Workbook

Sheet README
A1: LIFE INSURANCE PRICING & VALUATION MODEL
A3: Portfolio Project | B3: Life Insurance Pricing & Valuation Model
A4: Tools | B4: Microsoft Excel (actuarial modelling, formulas, data analysis)
A5: Scope | B5: Whole life, endowment and term assurance policies with non-participating and participating benefits.
A6: Objective | B6: Build an Excel-based actuarial model to calculate net premium rates and prospective policy reserves using the DGI mortality table and commutation functions.
A7: Key methods | B7: Actuarial present values, net premium calculation, participating bonus analysis, prospective reserves, and portfolio summaries.
A8: Dataset | B8: 109 policyholder records generated for actuarial modelling and demonstration.
A9: Mortality basis | B9: DGI96 mortality table with qx and commutation functions Dx, Nx, Sx, Cx, Mx and Rx.
A10: Policy types | B10: Whole Life (WNP/WPS/WPC), Endowment (ENP/EPS/EPC), Term (TNP/TPS/TPC).
A11: Portfolio outputs | B11: Pricing Analysis, Reserve Analysis, Dashboard and policy-level calculations.
A12: Note | B12: This is a portfolio adaptation of an actuarial modelling exercise. Values are based on the model assumptions and mortality basis contained in the workbook.
A13: Author | B13: Muhammad Aiman bin Azaman
A14: Focus | B14: Actuarial Science | Insurance Data Analytics

Sheet Dashboard
A1: LIFE INSURANCE PRICING & VALUATION DASHBOARD
A3: Policyholders | D3: Policy Types | G3: Total Sum Assured
A4: =COUNTA('Policyholder Data'!$A$2:$A$110) -> 109 | D4: =COUNTA('Pricing Analysis'!$A$4:$A$12) -> 9 | G4: =SUM('Policyholder Data'!$G$2:$G$110) -> 11745000
A7: Average Net Premium Rate | D7: Total Reserves | G7: Participating Policies
A8: =IFERROR(AVERAGE('Policyholder Data'!$O$2:$O$110),0) -> 0.064527775 | D8: =SUM('Policyholder Data'!$X$2:$X$110) -> 2978927 | G8: =COUNTIF('Policyholder Data'!$I$2:$I$110,"<>None") -> 69
A11: Policy Type | B11: Policyholders | C11: Avg Net Premium Rate | D11: Average Reserve
A12: WNP | B12: ='Pricing Analysis'!B4 -> 14 | C12: ='Pricing Analysis'!D4 -> 0.02868487 | D12: ='Reserve Analysis'!D4 -> 9476.0929
A13: WPS | B13: ='Pricing Analysis'!B5 -> 11 | C13: ='Pricing Analysis'!D5 -> 0.028883607 | D13: ='Reserve Analysis'!D5 -> 22609.772
A14: WPC | B14: ='Pricing Analysis'!B6 -> 13 | C14: ='Pricing Analysis'!D6 -> 0.041336133 | D14: ='Reserve Analysis'!D6 -> 25541.222
A15: ENP | B15: ='Pricing Analysis'!B7 -> 14 | C15: ='Pricing Analysis'!D7 -> 0.13480351 | D15: ='Reserve Analysis'!D7 -> 1569.7565
A16: EPS | B16: ='Pricing Analysis'!B8 -> 18 | C16: ='Pricing Analysis'!D8 -> 0.12334219 | D16: ='Reserve Analysis'!D8 -> 5201.1919
A17: EPC | B17: ='Pricing Analysis'!B9 -> 11 | C17: ='Pricing Analysis'!D9 -> 0.12073547 | D17: ='Reserve Analysis'!D9 -> 3985.511
A18: TNP | B18: ='Pricing Analysis'!B10 -> 12 | C18: ='Pricing Analysis'!D10 -> 0.015643897 | D18: ='Reserve Analysis'!D10 -> 75939.434
A19: TPS | B19: ='Pricing Analysis'!B11 -> 6 | C19: ='Pricing Analysis'!D11 -> 0.015530926 | D19: ='Reserve Analysis'!D11 -> 90357.027
A20: TPC | B20: ='Pricing Analysis'!B12 -> 10 | C20: ='Pricing Analysis'!D12 -> 0.0060438869 | D20: ='Reserve Analysis'!D12 -> 65266.425

Sheet Pricing Analysis
A1: PRICING ANALYSIS
A3: Policy Type | B3: Policyholders | C3: Total Sum Assured | D3: Average Net Premium Rate | E3: Minimum Net Premium Rate | F3: Maximum Net Premium Rate
A4: WNP | B4: =COUNTIF('Policyholder Data'!$E$2:$E$110,A4) -> 14 | C4: =SUMIF('Policyholder Data'!$E$2:$E$110,A4,'Policyholder Data'!$G$2:$G$110) -> 1675000 | D4: =IFERROR(AVERAGEIF('Policyholder Data'!$E$2:$E$110,A4,'Policyholder Data'!$O$2:$O$110),0) -> 0.02868487 | E4: 0.010016067 | F4: 0.065438245
A5: WPS | B5: =COUNTIF('Policyholder Data'!$E$2:$E$110,A5) -> 11 | C5: =SUMIF('Policyholder Data'!$E$2:$E$110,A5,'Policyholder Data'!$G$2:$G$110) -> 1140000 | D5: =IFERROR(AVERAGEIF('Policyholder Data'!$E$2:$E$110,A5,'Policyholder Data'!$O$2:$O$110),0) -> 0.028883607 | E5: 0.011258703 | F5: 0.072152307
A6: WPC | B6: =COUNTIF('Policyholder Data'!$E$2:$E$110,A6) -> 13 | C6: =SUMIF('Policyholder Data'!$E$2:$E$110,A6,'Policyholder Data'!$G$2:$G$110) -> 1365000 | D6: =IFERROR(AVERAGEIF('Policyholder Data'!$E$2:$E$110,A6,'Policyholder Data'!$O$2:$O$110),0) -> 0.041336133 | E6: 0.010603014 | F6: 0.084427152
A7: ENP | B7: =COUNTIF('Policyholder Data'!$E$2:$E$110,A7) -> 14 | C7: =SUMIF('Policyholder Data'!$E$2:$E$110,A7,'Policyholder Data'!$G$2:$G$110) -> 1445000 | D7: =IFERROR(AVERAGEIF('Policyholder Data'!$E$2:$E$110,A7,'Policyholder Data'!$O$2:$O$110),0) -> 0.13480351 | E7: 0.029529145 | F7: 0.28566232
A8: EPS | B8: =COUNTIF('Policyholder Data'!$E$2:$E$110,A8) -> 18 | C8: =SUMIF('Policyholder Data'!$E$2:$E$110,A8,'Policyholder Data'!$G$2:$G$110) -> 2025000 | D8: =IFERROR(AVERAGEIF('Policyholder Data'!$E$2:$E$110,A8,'Policyholder Data'!$O$2:$O$110),0) -> 0.12334219 | E8: 0.02798709 | F8: 0.28943409
A9: EPC | B9: =COUNTIF('Policyholder Data'!$E$2:$E$110,A9) -> 11 | C9: =SUMIF('Policyholder Data'!$E$2:$E$110,A9,'Policyholder Data'!$G$2:$G$110) -> 1175000 | D9: =IFERROR(AVERAGEIF('Policyholder Data'!$E$2:$E$110,A9,'Policyholder Data'!$O$2:$O$110),0) -> 0.12073547 | E9: 0.027898121 | F9: 0.28624452
A10: TNP | B10: =COUNTIF('Policyholder Data'!$E$2:$E$110,A10) -> 12 | C10: =SUMIF('Policyholder Data'!$E$2:$E$110,A10,'Policyholder Data'!$G$2:$G$110) -> 1350000 | D10: =IFERROR(AVERAGEIF('Policyholder Data'!$E$2:$E$110,A10,'Policyholder Data'!$O$2:$O$110),0) -> 0.015643897 | E10: 0.0022365457 | F10: 0.09562497
A11: TPS | B11: =COUNTIF('Policyholder Data'!$E$2:$E$110,A11) -> 6 | C11: =SUMIF('Policyholder Data'!$E$2:$E$110,A11,'Policyholder Data'!$G$2:$G$110) -> 680000 | D11: =IFERROR(AVERAGEIF('Policyholder Data'!$E$2:$E$110,A11,'Policyholder Data'!$O$2:$O$110),0) -> 0.015530926 | E11: 0.002368789 | F11: 0.036242431
A12: TPC | B12: =COUNTIF('Policyholder Data'!$E$2:$E$110,A12) -> 10 | C12: =SUMIF('Policyholder Data'!$E$2:$E$110,A12,'Policyholder Data'!$G$2:$G$110) -> 890000 | D12: =IFERROR(AVERAGEIF('Policyholder Data'!$E$2:$E$110,A12,'Policyholder Data'!$O$2:$O$110),0) -> 0.0060438869 | E12: 0.0025886871 | F12: 0.017973683

Sheet Reserve Analysis
A1: RESERVE ANALYSIS
A3: Policy Type | B3: Policyholders | C3: Total Reserve | D3: Average Reserve | E3: Maximum Reserve
A4: WNP | B4: =COUNTIF('Policyholder Data'!$E$2:$E$110,A4) -> 14 | C4: =SUMIF('Policyholder Data'!$E$2:$E$110,A4,'Policyholder Data'!$X$2:$X$110) -> 132665.3 | D4: =IFERROR(AVERAGEIF('Policyholder Data'!$E$2:$E$110,A4,'Policyholder Data'!$X$2:$X$110),0) -> 9476.0929 | E4: 25291.016
A5: WPS | B5: =COUNTIF('Policyholder Data'!$E$2:$E$110,A5) -> 11 | C5: =SUMIF('Policyholder Data'!$E$2:$E$110,A5,'Policyholder Data'!$X$2:$X$110) -> 248707.49 | D5: =IFERROR(AVERAGEIF('Policyholder Data'!$E$2:$E$110,A5,'Policyholder Data'!$X$2:$X$110),0) -> 22609.772 | E5: 73013.599
A6: WPC | B6: =COUNTIF('Policyholder Data'!$E$2:$E$110,A6) -> 13 | C6: =SUMIF('Policyholder Data'!$E$2:$E$110,A6,'Policyholder Data'!$X$2:$X$110) -> 332035.89 | D6: =IFERROR(AVERAGEIF('Policyholder Data'!$E$2:$E$110,A6,'Policyholder Data'!$X$2:$X$110),0) -> 25541.222 | E6: 49289.406
A7: ENP | B7: =COUNTIF('Policyholder Data'!$E$2:$E$110,A7) -> 14 | C7: =SUMIF('Policyholder Data'!$E$2:$E$110,A7,'Policyholder Data'!$X$2:$X$110) -> 21976.591 | D7: =IFERROR(AVERAGEIF('Policyholder Data'!$E$2:$E$110,A7,'Policyholder Data'!$X$2:$X$110),0) -> 1569.7565 | E7: 5563.2243
A8: EPS | B8: =COUNTIF('Policyholder Data'!$E$2:$E$110,A8) -> 18 | C8: =SUMIF('Policyholder Data'!$E$2:$E$110,A8,'Policyholder Data'!$X$2:$X$110) -> 93621.454 | D8: =IFERROR(AVERAGEIF('Policyholder Data'!$E$2:$E$110,A8,'Policyholder Data'!$X$2:$X$110),0) -> 5201.1919 | E8: 26818.276
A9: EPC | B9: =COUNTIF('Policyholder Data'!$E$2:$E$110,A9) -> 11 | C9: =SUMIF('Policyholder Data'!$E$2:$E$110,A9,'Policyholder Data'!$X$2:$X$110) -> 43840.621 | D9: =IFERROR(AVERAGEIF('Policyholder Data'!$E$2:$E$110,A9,'Policyholder Data'!$X$2:$X$110),0) -> 3985.511 | E9: 15658.233
A10: TNP | B10: =COUNTIF('Policyholder Data'!$E$2:$E$110,A10) -> 12 | C10: =SUMIF('Policyholder Data'!$E$2:$E$110,A10,'Policyholder Data'!$X$2:$X$110) -> 911273.2 | D10: =IFERROR(AVERAGEIF('Policyholder Data'!$E$2:$E$110,A10,'Policyholder Data'!$X$2:$X$110),0) -> 75939.434 | E10: 144440.82
A11: TPS | B11: =COUNTIF('Policyholder Data'!$E$2:$E$110,A11) -> 6 | C11: =SUMIF('Policyholder Data'!$E$2:$E$110,A11,'Policyholder Data'!$X$2:$X$110) -> 542142.16 | D11: =IFERROR(AVERAGEIF('Policyholder Data'!$E$2:$E$110,A11,'Policyholder Data'!$X$2:$X$110),0) -> 90357.027 | E11: 131700.36
A12: TPC | B12: =COUNTIF('Policyholder Data'!$E$2:$E$110,A12) -> 10 | C12: =SUMIF('Policyholder Data'!$E$2:$E$110,A12,'Policyholder Data'!$X$2:$X$110) -> 652664.25 | D12: =IFERROR(AVERAGEIF('Policyholder Data'!$E$2:$E$110,A12,'Policyholder Data'!$X$2:$X$110),0) -> 65266.425 | E12: 164035.96

Sheet Sensitivity
A1: SENSITIVITY ANALYSIS
A3: Selected Policy Type | B3: ENP
A4: Base Average Net Premium Rate | B4: =IFERROR(INDEX('Pricing Analysis'!$D$4:$D$12,MATCH(B3,'Pricing Analysis'!$A$4:$A$12,0)),0) -> 0.13480351
A6: Scenario | B6: Rate Multiplier | C6: Adjusted Premium Rate
A7: Base | B7: 1 | C7: =B4*B7 -> 0.13480351
A8: −10% | B8: 0.9 | C8: =B4*B8 -> 0.12132316
A9: −5% | B9: 0.95 | C9: =B4*B9 -> 0.12806333
A10: +5% | B10: 1.05 | C10: =B4*B10 -> 0.14154368
A11: +10% | B11: 1.1 | C11: =B4*B11 -> 0.14828386

Sheet Data Generator
A1: No. | B1: Name | C1: Gender | D1: Age at Issue, x | E1: Policy | F1: Policy Term, n | G1: Sum Assured | H1: Premium Term, h | I1: Type of Bonus | J1: Bonus % | K1: Time Since Inception, t
A2: 1 | B2: {=IF(C2="M",INDEX('Random Lists'!$A$2:$A$56,COUNTIF($C$2:C2,"M")),INDEX('Random Lists'!$B$2:$B$55,COUNTIF($C$2:C2,"F")))} -> NURUL HUSNA BINTI SHAH | C2: =IF(RAND()<55/109,"M","F") -> F | D2: =RANDBETWEEN(18,60) -> 47 | E2: =CHOOSE(RANDBETWEEN(1,9),"WNP","WPS","WPC","ENP","EPS","EPC","TNP","TPS","TPC") -> ENP | F2: =IF(LEFT(E2,1)="W","N/A",CHOOSE(RANDBETWEEN(1,5),5,10,15,20,25)) -> 20 | G2: =CHOOSE(RANDBETWEEN(1,12),50000,55000,60000,75000,80000,100000,120000,125000,150000,175000,180000,200000) -> 150000 | H2: =IF(LEFT(E2,1)="W",CHOOSE(RANDBETWEEN(1,5),5,10,15,20,25),RANDBETWEEN(1,F2/5)*5) -> 15 | I2: =IF(RIGHT(E2,2)="NP","None",IF(RIGHT(E2,1)="S","SRB","CRB")) -> None | J2: =IF(I2="None",0%,5%) -> 0 | K2: =IF(LEFT(E2,1)="W",RANDBETWEEN(1,10),RANDBETWEEN(1,MIN(10,F2))) -> 10
A3: 2 | B3: {=IF(C3="M",INDEX('Random Lists'!$A$2:$A$56,COUNTIF($C$2:C3,"M")),INDEX('Random Lists'!$B$2:$B$55,COUNTIF($C$2:C3,"F")))} -> NUR SYAZWANI BINTI SALLEH | C3: =IF(COUNTIF($C$2:C2,"M")>=55,"F",IF(COUNTIF($C$2:C2,"F")>=54,"M",IF(RAND()<55/109,"M","F"))) -> F | D3: =RANDBETWEEN(18,60) -> 42 | E3: =CHOOSE(RANDBETWEEN(1,9),"WNP","WPS","WPC","ENP","EPS","EPC","TNP","TPS","TPC") -> WNP | F3: =IF(LEFT(E3,1)="W","N/A",CHOOSE(RANDBETWEEN(1,5),5,10,15,20,25)) -> N/A | G3: =CHOOSE(RANDBETWEEN(1,11),50000,60000,75000,80000,100000,120000,125000,150000,175000,180000,200000) -> 75000 | H3: =IF(LEFT(E3,1)="W",CHOOSE(RANDBETWEEN(1,5),5,10,15,20,25),RANDBETWEEN(1,F3/5)*5) -> 10 | I3: =IF(RIGHT(E3,2)="NP","None",IF(RIGHT(E3,1)="S","SRB","CRB")) -> None | J3: =IF(I3="None",0%,5%) -> 0 | K3: =IF(LEFT(E3,1)="W",RANDBETWEEN(1,10),RANDBETWEEN(1,MIN(10,F3))) -> 9
A4: 3 | B4: {=IF(C4="M",INDEX('Random Lists'!$A$2:$A$56,COUNTIF($C$2:C4,"M")),INDEX('Random Lists'!$B$2:$B$55,COUNTIF($C$2:C4,"F")))} -> MUHAMMAD HAZIQ BIN SHAH | C4: =IF(COUNTIF($C$2:C3,"M")>=55,"F",IF(COUNTIF($C$2:C3,"F")>=54,"M",IF(RAND()<55/109,"M","F"))) -> M | D4: =RANDBETWEEN(18,60) -> 51 | E4: =CHOOSE(RANDBETWEEN(1,9),"WNP","WPS","WPC","ENP","EPS","EPC","TNP","TPS","TPC") -> EPS | F4: =IF(LEFT(E4,1)="W","N/A",CHOOSE(RANDBETWEEN(1,5),5,10,15,20,25)) -> 25 | G4: =CHOOSE(RANDBETWEEN(1,11),50000,60000,75000,80000,100000,120000,125000,150000,175000,180000,200000) -> 175000 | H4: =IF(LEFT(E4,1)="W",CHOOSE(RANDBETWEEN(1,5),5,10,15,20,25),RANDBETWEEN(1,F4/5)*5) -> 15 | I4: =IF(RIGHT(E4,2)="NP","None",IF(RIGHT(E4,1)="S","SRB","CRB")) -> SRB | J4: =IF(I4="None",0%,5%) -> 0.05 | K4: =IF(LEFT(E4,1)="W",RANDBETWEEN(1,10),RANDBETWEEN(1,MIN(10,F4))) -> 5
A5: 4 | B5: {=IF(C5="M",INDEX('Random Lists'!$A$2:$A$56,COUNTIF($C$2:C5,"M")),INDEX('Random Lists'!$B$2:$B$55,COUNTIF($C$2:C5,"F")))} -> NUR SHAFIQAH BINTI MAHADI | C5: =IF(COUNTIF($C$2:C4,"M")>=55,"F",IF(COUNTIF($C$2:C4,"F")>=54,"M",IF(RAND()<55/109,"M","F"))) -> F | D5: =RANDBETWEEN(18,60) -> 42 | E5: =CHOOSE(RANDBETWEEN(1,9),"WNP","WPS","WPC","ENP","EPS","EPC","TNP","TPS","TPC") -> TPC | F5: =IF(LEFT(E5,1)="W","N/A",CHOOSE(RANDBETWEEN(1,5),5,10,15,20,25)) -> 5 | G5: =CHOOSE(RANDBETWEEN(1,11),50000,60000,75000,80000,100000,120000,125000,150000,175000,180000,200000) -> 50000 | H5: =IF(LEFT(E5,1)="W",CHOOSE(RANDBETWEEN(1,5),5,10,15,20,25),RANDBETWEEN(1,F5/5)*5) -> 5 | I5: =IF(RIGHT(E5,2)="NP","None",IF(RIGHT(E5,1)="S","SRB","CRB")) -> CRB | J5: =IF(I5="None",0%,5%) -> 0.05 | K5: =IF(LEFT(E5,1)="W",RANDBETWEEN(1,10),RANDBETWEEN(1,MIN(10,F5))) -> 1
A6: 5 | B6: {=IF(C6="M",INDEX('Random Lists'!$A$2:$A$56,COUNTIF($C$2:C6,"M")),INDEX('Random Lists'!$B$2:$B$55,COUNTIF($C$2:C6,"F")))} -> MUHAMMAD HAZWAN BIN RAMLI | C6: =IF(COUNTIF($C$2:C5,"M")>=55,"F",IF(COUNTIF($C$2:C5,"F")>=54,"M",IF(RAND()<55/109,"M","F"))) -> M | D6: =RANDBETWEEN(18,60) -> 21 | E6: =CHOOSE(RANDBETWEEN(1,9),"WNP","WPS","WPC","ENP","EPS","EPC","TNP","TPS","TPC") -> TPC | F6: =IF(LEFT(E6,1)="W","N/A",CHOOSE(RANDBETWEEN(1,5),5,10,15,20,25)) -> 20 | G6: =CHOOSE(RANDBETWEEN(1,11),50000,60000,75000,80000,100000,120000,125000,150000,175000,180000,200000) -> 100000 | H6: =IF(LEFT(E6,1)="W",CHOOSE(RANDBETWEEN(1,5),5,10,15,20,25),RANDBETWEEN(1,F6/5)*5) -> 5 | I6: =IF(RIGHT(E6,2)="NP","None",IF(RIGHT(E6,1)="S","SRB","CRB")) -> CRB | J6: =IF(I6="None",0%,5%) -> 0.05 | K6: =IF(LEFT(E6,1)="W",RANDBETWEEN(1,10),RANDBETWEEN(1,MIN(10,F6))) -> 2
A7: 6 | B7: {=IF(C7="M",INDEX('Random Lists'!$A$2:$A$56,COUNTIF($C$2:C7,"M")),INDEX('Random Lists'!$B$2:$B$55,COUNTIF($C$2:C7,"F")))} -> MUHAMMAD IRFAN BIN AZIZ | C7: =IF(COUNTIF($C$2:C6,"M")>=55,"F",IF(COUNTIF($C$2:C6,"F")>=54,"M",IF(RAND()<55/109,"M","F"))) -> M | D7: =RANDBETWEEN(18,60) -> 47 | E7: =CHOOSE(RANDBETWEEN(1,9),"WNP","WPS","WPC","ENP","EPS","EPC","TNP","TPS","TPC") -> TPC | F7: =IF(LEFT(E7,1)="W","N/A",CHOOSE(RANDBETWEEN(1,5),5,10,15,20,25)) -> 20 | G7: =CHOOSE(RANDBETWEEN(1,11),50000,60000,75000,80000,100000,120000,125000,150000,175000,180000,200000) -> 120000 | H7: =IF(LEFT(E7,1)="W",CHOOSE(RANDBETWEEN(1,5),5,10,15,20,25),RANDBETWEEN(1,F7/5)*5) -> 5 | I7: =IF(RIGHT(E7,2)="NP","None",IF(RIGHT(E7,1)="S","SRB","CRB")) -> CRB | J7: =IF(I7="None",0%,5%) -> 0.05 | K7: =IF(LEFT(E7,1)="W",RANDBETWEEN(1,10),RANDBETWEEN(1,MIN(10,F7))) -> 5
A8: 7 | B8: {=IF(C8="M",INDEX('Random Lists'!$A$2:$A$56,COUNTIF($C$2:C8,"M")),INDEX('Random Lists'!$B$2:$B$55,COUNTIF($C$2:C8,"F")))} -> AHMAD LUQMAN BIN AZHAR | C8: =IF(COUNTIF($C$2:C7,"M")>=55,"F",IF(COUNTIF($C$2:C7,"F")>=54,"M",IF(RAND()<55/109,"M","F"))) -> M | D8: =RANDBETWEEN(18,60) -> 50 | E8: =CHOOSE(RANDBETWEEN(1,9),"WNP","WPS","WPC","ENP","EPS","EPC","TNP","TPS","TPC") -> TPC | F8: =IF(LEFT(E8,1)="W","N/A",CHOOSE(RANDBETWEEN(1,5),5,10,15,20,25)) -> 10 | G8: =CHOOSE(RANDBETWEEN(1,11),50000,60000,75000,80000,100000,120000,125000,150000,175000,180000,200000) -> 200000 | H8: =IF(LEFT(E8,1)="W",CHOOSE(RANDBETWEEN(1,5),5,10,15,20,25),RANDBETWEEN(1,F8/5)*5) -> 10 | I8: =IF(RIGHT(E8,2)="NP","None",IF(RIGHT(E8,1)="S","SRB","CRB")) -> CRB | J8: =IF(I8="None",0%,5%) -> 0.05 | K8: =IF(LEFT(E8,1)="W",RANDBETWEEN(1,10),RANDBETWEEN(1,MIN(10,F8))) -> 10
A9: 8 | B9: {=IF(C9="M",INDEX('Random Lists'!$A$2:$A$56,COUNTIF($C$2:C9,"M")),INDEX('Random Lists'!$B$2:$B$55,COUNTIF($C$2:C9,"F")))} -> NUR ALIA BINTI RAZALI | C9: =IF(COUNTIF($C$2:C8,"M")>=55,"F",IF(COUNTIF($C$2:C8,"F")>=54,"M",IF(RAND()<55/109,"M","F"))) -> F | D9: =RANDBETWEEN(18,60) -> 60 | E9: =CHOOSE(RANDBETWEEN(1,9),"WNP","WPS","WPC","ENP","EPS","EPC","TNP","TPS","TPC") -> WPC | F9: =IF(LEFT(E9,1)="W","N/A",CHOOSE(RANDBETWEEN(1,5),5,10,15,20,25)) -> N/A | G9: =CHOOSE(RANDBETWEEN(1,11),50000,60000,75000,80000,100000,120000,125000,150000,175000,180000,200000) -> 150000 | H9: =IF(LEFT(E9,1)="W",CHOOSE(RANDBETWEEN(1,5),5,10,15,20,25),RANDBETWEEN(1,F9/5)*5) -> 5 | I9: =IF(RIGHT(E9,2)="NP","None",IF(RIGHT(E9,1)="S","SRB","CRB")) -> CRB | J9: =IF(I9="None",0%,5%) -> 0.05 | K9: =IF(LEFT(E9,1)="W",RANDBETWEEN(1,10),RANDBETWEEN(1,MIN(10,F9))) -> 1
A10: 9 | B10: {=IF(C10="M",INDEX('Random Lists'!$A$2:$A$56,COUNTIF($C$2:C10,"M")),INDEX('Random Lists'!$B$2:$B$55,COUNTIF($C$2:C10,"F")))} -> NUR HANNA BINTI AZMAN | C10: =IF(COUNTIF($C$2:C9,"M")>=55,"F",IF(COUNTIF($C$2:C9,"F")>=54,"M",IF(RAND()<55/109,"M","F"))) -> F | D10: =RANDBETWEEN(18,60) -> 28 | E10: =CHOOSE(RANDBETWEEN(1,9),"WNP","WPS","WPC","ENP","EPS","EPC","TNP","TPS","TPC") -> WPC | F10: =IF(LEFT(E10,1)="W","N/A",CHOOSE(RANDBETWEEN(1,5),5,10,15,20,25)) -> N/A | G10: =CHOOSE(RANDBETWEEN(1,11),50000,60000,75000,80000,100000,120000,125000,150000,175000,180000,200000) -> 75000 | H10: =IF(LEFT(E10,1)="W",CHOOSE(RANDBETWEEN(1,5),5,10,15,20,25),RANDBETWEEN(1,F10/5)*5) -> 5 | I10: =IF(RIGHT(E10,2)="NP","None",IF(RIGHT(E10,1)="S","SRB","CRB")) -> CRB | J10: =IF(I10="None",0%,5%) -> 0.05 | K10: =IF(LEFT(E10,1)="W",RANDBETWEEN(1,10),RANDBETWEEN(1,MIN(10,F10))) -> 9
A11: 10 | B11: {=IF(C11="M",INDEX('Random Lists'!$A$2:$A$56,COUNTIF($C$2:C11,"M")),INDEX('Random Lists'!$B$2:$B$55,COUNTIF($C$2:C11,"F")))} -> NUR HAZREENA BINTI JAMAL | C11: =IF(COUNTIF($C$2:C10,"M")>=55,"F",IF(COUNTIF($C$2:C10,"F")>=54,"M",IF(RAND()<55/109,"M","F"))) -> F | D11: =RANDBETWEEN(18,60) -> 59 | E11: =CHOOSE(RANDBETWEEN(1,9),"WNP","WPS","WPC","ENP","EPS","EPC","TNP","TPS","TPC") -> TPC | F11: =IF(LEFT(E11,1)="W","N/A",CHOOSE(RANDBETWEEN(1,5),5,10,15,20,25)) -> 10 | G11: =CHOOSE(RANDBETWEEN(1,11),50000,60000,75000,80000,100000,120000,125000,150000,175000,180000,200000) -> 120000 | H11: =IF(LEFT(E11,1)="W",CHOOSE(RANDBETWEEN(1,5),5,10,15,20,25),RANDBETWEEN(1,F11/5)*5) -> 10 | I11: =IF(RIGHT(E11,2)="NP","None",IF(RIGHT(E11,1)="S","SRB","CRB")) -> CRB | J11: =IF(I11="None",0%,5%) -> 0.05 | K11: =IF(LEFT(E11,1)="W",RANDBETWEEN(1,10),RANDBETWEEN(1,MIN(10,F11))) -> 5
A12: 11 | B12: {=IF(C12="M",INDEX('Random Lists'!$A$2:$A$56,COUNTIF($C$2:C12,"M")),INDEX('Random Lists'!$B$2:$B$55,COUNTIF($C$2:C12,"F")))} -> NUR MAISARAH BINTI ZAINAL | C12: =IF(COUNTIF($C$2:C11,"M")>=55,"F",IF(COUNTIF($C$2:C11,"F")>=54,"M",IF(RAND()<55/109,"M","F"))) -> F | D12: =RANDBETWEEN(18,60) -> 51 | E12: =CHOOSE(RANDBETWEEN(1,9),"WNP","WPS","WPC","ENP","EPS","EPC","TNP","TPS","TPC") -> EPC | F12: =IF(LEFT(E12,1)="W","N/A",CHOOSE(RANDBETWEEN(1,5),5,10,15,20,25)) -> 15 | G12: =CHOOSE(RANDBETWEEN(1,11),50000,60000,75000,80000,100000,120000,125000,150000,175000,180000,200000) -> 80000 | H12: =IF(LEFT(E12,1)="W",CHOOSE(RANDBETWEEN(1,5),5,10,15,20,25),RANDBETWEEN(1,F12/5)*5) -> 15 | I12: =IF(RIGHT(E12,2)="NP","None",IF(RIGHT(E12,1)="S","SRB","CRB")) -> CRB | J12: =IF(I12="None",0%,5%) -> 0.05 | K12: =IF(LEFT(E12,1)="W",RANDBETWEEN(1,10),RANDBETWEEN(1,MIN(10,F12))) -> 1
A13: 12 | B13: {=IF(C13="M",INDEX('Random Lists'!$A$2:$A$56,COUNTIF($C$2:C13,"M")),INDEX('Random Lists'!$B$2:$B$55,COUNTIF($C$2:C13,"F")))} -> AMIR SYAKIR BIN ZAIDI | C13: =IF(COUNTIF($C$2:C12,"M")>=55,"F",IF(COUNTIF($C$2:C12,"F")>=54,"M",IF(RAND()<55/109,"M","F"))) -> M | D13: =RANDBETWEEN(18,60) -> 33 | E13: =CHOOSE(RANDBETWEEN(1,9),"WNP","WPS","WPC","ENP","EPS","EPC","TNP","TPS","TPC") -> TPC | F13: =IF(LEFT(E13,1)="W","N/A",CHOOSE(RANDBETWEEN(1,5),5,10,15,20,25)) -> 5 | G13: =CHOOSE(RANDBETWEEN(1,11),50000,60000,75000,80000,100000,120000,125000,150000,175000,180000,200000) -> 100000 | H13: =IF(LEFT(E13,1)="W",CHOOSE(RANDBETWEEN(1,5),5,10,15,20,25),RANDBETWEEN(1,F13/5)*5) -> 5 | I13: =IF(RIGHT(E13,2)="NP","None",IF(RIGHT(E13,1)="S","SRB","CRB")) -> CRB | J13: =IF(I13="None",0%,5%) -> 0.05 | K13: =IF(LEFT(E13,1)="W",RANDBETWEEN(1,10),RANDBETWEEN(1,MIN(10,F13))) -> 3
A14: 13 | B14: {=IF(C14="M",INDEX('Random Lists'!$A$2:$A$56,COUNTIF($C$2:C14,"M")),INDEX('Random Lists'!$B$2:$B$55,COUNTIF($C$2:C14,"F")))} -> SITI NURZAHIRAH BINTI OMAR | C14: =IF(COUNTIF($C$2:C13,"M")>=55,"F",IF(COUNTIF($C$2:C13,"F")>=54,"M",IF(RAND()<55/109,"M","F"))) -> F | D14: =RANDBETWEEN(18,60) -> 46 | E14: =CHOOSE(RANDBETWEEN(1,9),"WNP","WPS","WPC","ENP","EPS","EPC","TNP","TPS","TPC") -> TPC | F14: =IF(LEFT(E14,1)="W","N/A",CHOOSE(RANDBETWEEN(1,5),5,10,15,20,25)) -> 20 | G14: =CHOOSE(RANDBETWEEN(1,11),50000,60000,75000,80000,100000,120000,125000,150000,175000,180000,200000) -> 75000 | H14: =IF(LEFT(E14,1)="W",CHOOSE(RANDBETWEEN(1,5),5,10,15,20,25),RANDBETWEEN(1,F14/5)*5) -> 15 | I14: =IF(RIGHT(E14,2)="NP","None",IF(RIGHT(E14,1)="S","SRB","CRB")) -> CRB | J14: =IF(I14="None",0%,5%) -> 0.05 | K14: =IF(LEFT(E14,1)="W",RANDBETWEEN(1,10),RANDBETWEEN(1,MIN(10,F14))) -> 5
... A110: 109 | B110: {=IF(C110="M",INDEX('Random Lists'!$A$2:$A$56,COUNTIF($C$2:C110,"M")),INDEX('Random Lists'!$B$2:$B$55,COUNTIF($C$2:C110,"F")))} -> SITI HAZIRAH BINTI AZIZ | C110: =IF(COUNTIF($C$2:C109,"M")>=55,"F",IF(COUNTIF($C$2:C109,"F")>=54,"M",IF(RAND()<55/109,"M","F"))) -> F | D110: =RANDBETWEEN(18,60) -> 26 | E110: =CHOOSE(RANDBETWEEN(1,9),"WNP","WPS","WPC","ENP","EPS","EPC","TNP","TPS","TPC") -> EPS | F110: =IF(LEFT(E110,1)="W","N/A",CHOOSE(RANDBETWEEN(1,5),5,10,15,20,25)) -> 5 | G110: =CHOOSE(RANDBETWEEN(1,11),50000,60000,75000,80000,100000,120000,125000,150000,175000,180000,200000) -> 175000 | H110: =IF(LEFT(E110,1)="W",CHOOSE(RANDBETWEEN(1,5),5,10,15,20,25),RANDBETWEEN(1,F110/5)*5) -> 5 | I110: =IF(RIGHT(E110,2)="NP","None",IF(RIGHT(E110,1)="S","SRB","CRB")) -> SRB | J110: =IF(I110="None",0%,5%) -> 0.05 | K110: =IF(LEFT(E110,1)="W",RANDBETWEEN(1,10),RANDBETWEEN(1,MIN(10,F110))) -> 1

Sheet Random Lists
A1: Randomized Male Names | B1: Randomized Female Names | D1: Policy Code | E1: Meaning
A2: MUHAMMAD HAZIQ BIN SHAH | B2: NURUL HUSNA BINTI SHAH | D2: WNP | E2: Whole Life – Non-Participating
A3: MUHAMMAD HAZWAN BIN RAMLI | B3: NUR SYAZWANI BINTI SALLEH | D3: WPS | E3: Whole Life – Participating – Simple Reversionary Bonus
A4: MUHAMMAD IRFAN BIN AZIZ | B4: NUR SHAFIQAH BINTI MAHADI | D4: WPC | E4: Whole Life – Participating – Compound Reversionary Bonus
A5: AHMAD LUQMAN BIN AZHAR | B5: NUR ALIA BINTI RAZALI | D5: ENP | E5: Endowment – Non-Participating
A6: AMIR SYAKIR BIN ZAIDI | B6: NUR HANNA BINTI AZMAN | D6: EPS | E6: Endowment – Participating – Simple Reversionary Bonus
A7: MUHAMMAD SHAFIQ BIN MAHADI | B7: NUR HAZREENA BINTI JAMAL | D7: EPC | E7: Endowment – Participating – Compound Reversionary Bonus
A8: MUHAMMAD RAYYAN BIN HISHAM | B8: NUR MAISARAH BINTI ZAINAL | D8: TNP | E8: Term – Non-Participating
A9: MUHAMMAD IKRAM BIN MUSTAFA | B9: SITI NURZAHIRAH BINTI OMAR | D9: TPS | E9: Term – Participating – Simple Reversionary Bonus
A10: MUHAMMAD SYAFIQ BIN JAMAL | B10: NUR HAZWANI BINTI ROSLAN | D10: TPC | E10: Term – Participating – Compound Reversionary Bonus
A11: MUHAMMAD FIKRI BIN NASIR | B11: SITI NURUL AIN BINTI RAHIM
A12: MUHAMMAD DANIAL BIN ZAKI | B12: NUR HAFIZAH BINTI ZULKIFLI
A13: AHMAD SYAMIL BIN RAHMAN | B13: NUR ADALIA BINTI HASSAN
A14: MUHAMMAD HAZIM BIN YUSOF | B14: SITI NUR AMIRAH BINTI RAZAK
A15: MUHAMMAD HARITH BIN ZULKIFLI | B15: NUR AFIQAH BINTI ZAIDI
A16: MUHAMMAD NAUFAL BIN RAHMAN | B16: NUR DANIA BINTI RAHMAN
A17: AHMAD SYAHMI BIN RAZALI | B17: NUR RAIHANA BINTI HISHAM
A18: MUHAMMAD AFIQ BIN ZUL | B18: NURUL HUDA BINTI RAHMAN
A19: AHMAD NAIM BIN AZIZ | B19: NUR AINUL SYAFIQAH BINTI RAHMAN
A20: MUHAMMAD ALIF BIN RAZALI | B20: NUR SYAHIDA BINTI AZMAN
A21: MUHAMMAD SHAHMI BIN AZIZ | B21: NURUL SYAFINA BINTI SHUKRI
A22: MUHAMMAD ASYRAF BIN ZAINAL | B22: NURUL IKMAL BINTI MUSTAFA
... A55: MUHAMMAD FARHAN BIN KHALID | B55: SITI HAZIRAH BINTI AZIZ
A56: AHMAD ZIKRI BIN ISMAIL

Sheet DGI TABLE
A1: x | B1: qx | C1: Dx | D1: Nx | E1: Sx | F1: Cx | G1: Mx | H1: Rx
A2: 10 | B2: 0.00157 | C2: 6755641.7 | D2: 155874750 | E2: 3130429877 | F2: 10198.42 | G2: 759934.67 | H2: 35426412
A3: 11 | B3: 0.00156 | C3: 6485610.9 | D3: 1.4911911e+08 | E3: 2974555127 | F3: 9728.42 | G3: 749736.25 | H3: 34666477
A4: 12 | B4: 0.00149 | C4: 6226435.9 | D4: 1.426335e+08 | E4: 2.825436e+09 | F4: 8920.57 | G4: 740007.84 | H4: 33916741
A5: 13 | B5: 0.00145 | C5: 5978037 | D5: 1.3640706e+08 | E5: 2.6828025e+09 | F5: 8334.76 | G5: 731087.27 | H5: 33176733
A6: 14 | B6: 0.00144 | C6: 5739777.8 | D6: 1.3042902e+08 | E6: 2.5463955e+09 | F6: 7947.38 | G6: 722752.51 | H6: 32445646
A7: 15 | B7: 0.00144 | C7: 5511069.7 | D7: 1.2468925e+08 | E7: 2.4159664e+09 | F7: 7630.71 | G7: 714805.12 | H7: 31722893
A8: 16 | B8: 0.00148 | C8: 5291474.8 | D8: 119178177 | E8: 2.2912772e+09 | F8: 7530.18 | G8: 707174.41 | H8: 31008088
A9: 17 | B9: 0.00154 | C9: 5080426.3 | D9: 1.138867e+08 | E9: 2.172099e+09 | F9: 7522.94 | G9: 699644.23 | H9: 30300914
A10: 18 | B10: 0.00163 | C10: 4877502.4 | D10: 1.0880628e+08 | E10: 2.0582123e+09 | F10: 7644.55 | G10: 692121.29 | H10: 29601270
A11: 19 | B11: 0.00176 | C11: 4682261.6 | D11: 1.0392877e+08 | E11: 1.949406e+09 | F11: 7923.83 | G11: 684476.75 | H11: 28909148
A12: 20 | B12: 0.0019 | C12: 4494250.8 | D12: 99246512 | E12: 1.8454773e+09 | F12: 8210.65 | G12: 676552.92 | H12: 28224672
A13: 21 | B13: 0.00207 | C13: 4313184.3 | D13: 94752261 | E13: 1.7462307e+09 | F13: 8584.9 | G13: 668342.27 | H13: 27548119
... A91: 99 | B91: 0.42513 | C91: 948.6 | D91: 948.6 | E91: 948.6 | F91: 387.75 | G91: 387.75 | H91: 387.75

Sheet Policyholder Data
A1: No. | B1: Name | C1: Gender | D1: Age at Issue, x | E1: Policy | F1: Policy Term, n | G1: Sum Assured | H1: Premium Term, h | I1: Type of Bonus | J1: Bonus % | K1: Time Since Inception, t | L1: Valuation Age at Issue DGI96 | M1: APV of Benefit | N1: APV of Premium | O1: Net Premium | P1: Ax+1:n-1 | Q1: ax+1:h-1 | R1: αF | S1: βF | T1: βZ | U1: min(βF,βZ) | V1: Ax+t:n-t | W1: ax+t:h-t | X1: Reserve at time t | Y1: Average Reserve
A2: 1 | B2: NURUL HUDA BINTI RAHMAN | C2: F | D2: 44 | E2: ENP | F2: 20 | G2: 60000 | H2: 10 | I2: None | J2: 0 | K2: 4 | L2: =IF(C2="F",D2-3,D2) -> 41 | M2: =(_xlfn.XLOOKUP(L2,'DGI TABLE'!$A$2:$A$91,'DGI TABLE'!$G$2:$G$91)-_xlfn.XLOOKUP(L2+F2,'DGI TABLE'!$A$2:$A$91,'DGI TABLE'!$G$2:$G$91)+_xlfn.XLOOKUP(L2+F2,'DGI TABLE'!$A$2:$A$91,'DGI TABLE'!$C$2:$C$91))/_xlfn.XLOOKUP(L2,'DGI TABLE'!$A$2:$A$91,'DGI TABLE'!$C$2:$C$91) -> 0.47904 | N2: =(_xlfn.XLOOKUP(L2,'DGI TABLE'!$A$2:$A$91,'DGI TABLE'!$D$2:$D$91)-_xlfn.XLOOKUP(L2+H2,'DGI TABLE'!$A$2:$A$91,'DGI TABLE'!$D$2:$D$91))/_xlfn.XLOOKUP(L2,'DGI TABLE'!$A$2:$A$91,'DGI TABLE'!$C$2:$C$91) -> 8.3041837 | O2: =M2/N2 -> 0.057686585 | P2: =(_xlfn.XLOOKUP(L2+1,'DGI TABLE'!$A$2:$A$91,'DGI TABLE'!$G$2:$G$91)-_xlfn.XLOOKUP(L2+F2,'DGI TABLE'!$A$2:$A$91,'DGI TABLE'!$G$2:$G$91))/_xlfn.XLOOKUP(L2+1,'DGI TABLE'!$A$2:$A$91,'DGI TABLE'!$C$2:$C$91) -> 0.088875562 | Q2: =(_xlfn.XLOOKUP(L2+1,'DGI TABLE'!$A$2:$A$91,'DGI TABLE'!$D$2:$D$91)-_xlfn.XLOOKUP(L2+H2,'DGI TABLE'!$A$2:$A$91,'DGI TABLE'!$D$2:$D$91))/_xlfn.XLOOKUP(L2+1,'DGI TABLE'!$A$2:$A$91,'DGI TABLE'!$C$2:$C$91) -> 7.618674 | R2: =_xlfn.XLOOKUP(L2,'DGI TABLE'!$A$2:$A$91,'DGI TABLE'!$F$2:$F$91)/_xlfn.XLOOKUP(L2,'DGI TABLE'!$A$2:$A$91,'DGI TABLE'!$C$2:$C$91) -> 0.0028173098 | S2: =P2/Q2 -> 0.01166549 | T2: =O2+0.03/N2 -> 0.061299222 | U2: =MIN(S2,T2) -> 0.01166549 | V2: =(_xlfn.XLOOKUP(L2+K2,'DGI TABLE'!$A$2:$A$91,'DGI TABLE'!$G$2:$G$91)-_xlfn.XLOOKUP(L2+F2,'DGI TABLE'!$A$2:$A$91,'DGI TABLE'!$G$2:$G$91))/_xlfn.XLOOKUP(L2+K2,'DGI TABLE'!$A$2:$A$91,'DGI TABLE'!$C$2:$C$91) -> 0.090043189 | W2: =(_xlfn.XLOOKUP(L2+K2,'DGI TABLE'!$A$2:$A$91,'DGI TABLE'!$D$2:$D$91)-_xlfn.XLOOKUP(L2+H2,'DGI TABLE'!$A$2:$A$91,'DGI TABLE'!$D$2:$D$91))/_xlfn.XLOOKUP(L2+K2,'DGI TABLE'!$A$2:$A$91,'DGI TABLE'!$C$2:$C$91) -> 5.3903487 | X2: =G2*(V2-(U2*W2)) -> 1629.7279 | Y2: =AVERAGE(X2:X44) -> 3707.8759
A3: 2 | B3: MUHAMMAD HAZIM BIN YUSOF | C3: M | D3: 35 | E3: ENP | F3: 10 | G3: 180000 | H3: 5 | I3: None | J3: 0 | K3: 3 | L3: =IF(C3="F",D3-3,D3) -> 35 | M3: =(_xlfn.XLOOKUP(L3,'DGI TABLE'!$A$2:$A$91,'DGI TABLE'!$G$2:$G$91)-_xlfn.XLOOKUP(L3+F3,'DGI TABLE'!$A$2:$A$91,'DGI TABLE'!$G$2:$G$91)+_xlfn.XLOOKUP(L3+F3,'DGI TABLE'!$A$2:$A$91,'DGI TABLE'!$C$2:$C$91))/_xlfn.XLOOKUP(L3,'DGI TABLE'!$A$2:$A$91,'DGI TABLE'!$C$2:$C$91) -> 0.67876569 | N3: =(_xlfn.XLOOKUP(L3,'DGI TABLE'!$A$2:$A$91,'DGI TABLE'!$D$2:$D$91)-_xlfn.XLOOKUP(L3+H3,'DGI TABLE'!$A$2:$A$91,'DGI TABLE'!$D$2:$D$91))/_xlfn.XLOOKUP(L3,'DGI TABLE'!$A$2:$A$91,'DGI TABLE'!$C$2:$C$91) -> 4.6109095 | O3: =M3/N3 -> 0.14720863 | P3: =(_xlfn.XLOOKUP(L3+1,'DGI TABLE'!$A$2:$A$91,'DGI TABLE'!$G$2:$G$91)-_xlfn.XLOOKUP(L3+F3,'DGI TABLE'!$A$2:$A$91,'DGI TABLE'!$G$2:$G$91))/_xlfn.XLOOKUP(L3+1,'DGI TABLE'!$A$2:$A$91,'DGI TABLE'!$C$2:$C$91) -> 0.020442631 | Q3: =(_xlfn.XLOOKUP(L3+1,'DGI TABLE'!$A$2:$A$91,'DGI TABLE'!$D$2:$D$91)-_xlfn.XLOOKUP(L3+H3,'DGI TABLE'!$A$2:$A$91,'DGI TABLE'!$D$2:$D$91))/_xlfn.XLOOKUP(L3+1,'DGI TABLE'!$A$2:$A$91,'DGI TABLE'!$C$2:$C$91) -> 3.762947 | R3: =_xlfn.XLOOKUP(L3,'DGI TABLE'!$A$2:$A$91,'DGI TABLE'!$F$2:$F$91)/_xlfn.XLOOKUP(L3,'DGI TABLE'!$A$2:$A$91,'DGI TABLE'!$C$2:$C$91) -> 0.0019423062 | S3: =P3/Q3 -> 0.0054326119 | T3: =O3+0.03/N3 -> 0.15371494 | U3: =MIN(S3,T3) -> 0.0054326119 | V3: =(_xlfn.XLOOKUP(L3+K3,'DGI TABLE'!$A$2:$A$91,'DGI TABLE'!$G$2:$G$91)-_xlfn.XLOOKUP(L3+F3,'DGI TABLE'!$A$2:$A$91,'DGI TABLE'!$G$2:$G$91))/_xlfn.XLOOKUP(L3+K3,'DGI TABLE'!$A$2:$A$91,'DGI TABLE'!$C$2:$C$91) -> 0.017707815 | W3: =(_xlfn.XLOOKUP(L3+K3,'DGI TABLE'!$A$2:$A$91,'DGI TABLE'!$D$2:$D$91)-_xlfn.XLOOKUP(L3+H3,'DGI TABLE'!$A$2:$A$91,'DGI TABLE'!$D$2:$D$91))/_xlfn.XLOOKUP(L3+K3,'DGI TABLE'!$A$2:$A$91,'DGI TABLE'!$C$2:$C$91) -> 1.9592404 | X3: =G3*(V3-(U3*W3)) -> 1271.524
A4: 3 | B4: NUR DANIAH BINTI ZAKI | C4: F | D4: 30 | E4: ENP | F4: 10 | G4: 150000 | H4: 5 | I4: None | J4: 0 | K4: 2 | L4: =IF(C4="F",D4-3,D4) -> 27 | M4: =(_xlfn.XLOOKUP(L4,'DGI TABLE'!$A$2:$A$91,'DGI TABLE'!$G$2:$G$91)-_xlfn.XLOOKUP(L4+F4,'DGI TABLE'!$A$2:$A$91,'DGI TABLE'!$G$2:$G$91)+_xlfn.XLOOKUP(L4+F4,'DGI TABLE'!$A$2:$A$91,'DGI TABLE'!$C$2:$C$91))/_xlfn.XLOOKUP(L4,'DGI TABLE'!$A$2:$A$91,'DGI TABLE'!$C$2:$C$91) -> 0.67805606 | N4: =(_xlfn.XLOOKUP(L4,'DGI TABLE'!$A$2:$A$91,'DGI TABLE'!$D$2:$D$91)-_xlfn.XLOOKUP(L4+H4,'DGI TABLE'!$A$2:$A$91,'DGI TABLE'!$D$2:$D$91))/_xlfn.XLOOKUP(L4,'DGI TABLE'!$A$2:$A$91,'DGI TABLE'!$C$2:$C$91) -> 4.6132708 | O4: =M4/N4 -> 0.14697946 | P4: =(_xlfn.XLOOKUP(L4+1,'DGI TABLE'!$A$2:$A$91,'DGI TABLE'!$G$2:$G$91)-_xlfn.XLOOKUP(L4+F4,'DGI TABLE'!$A$2:$A$91,'DGI TABLE'!$G$2:$G$91))/_xlfn.XLOOKUP(L4+1,'DGI TABLE'!$A$2:$A$91,'DGI TABLE'!$C$2:$C$91) -> 0.013857827 | Q4: =(_xlfn.XLOOKUP(L4+1,'DGI TABLE'!$A$2:$A$91,'DGI TABLE'!$D$2:$D$91)-_xlfn.XLOOKUP(L4+H4,'DGI TABLE'!$A$2:$A$91,'DGI TABLE'!$D$2:$D$91))/_xlfn.XLOOKUP(L4+1,'DGI TABLE'!$A$2:$A$91,'DGI TABLE'!$C$2:$C$91) -> 3.7650305 | R4: =_xlfn.XLOOKUP(L4,'DGI TABLE'!$A$2:$A$91,'DGI TABLE'!$F$2:$F$91)/_xlfn.XLOOKUP(L4,'DGI TABLE'!$A$2:$A$91,'DGI TABLE'!$C$2:$C$91) -> 0.0018461549 | S4: =P4/Q4 -> 0.0036806679 | T4: =O4+0.03/N4 -> 0.15348244 | U4: =MIN(S4,T4) -> 0.0036806679 | V4: =(_xlfn.XLOOKUP(L4+K4,'DGI TABLE'!$A$2:$A$91,'DGI TABLE'!$G$2:$G$91)-_xlfn.XLOOKUP(L4+F4,'DGI TABLE'!$A$2:$A$91,'DGI TABLE'!$G$2:$G$91))/_xlfn.XLOOKUP(L4+K4,'DGI TABLE'!$A$2:$A$91,'DGI TABLE'!$C$2:$C$91) -> 0.012565637 | W4: =(_xlfn.XLOOKUP(L4+K4,'DGI TABLE'!$A$2:$A$91,'DGI TABLE'!$D$2:$D$91)-_xlfn.XLOOKUP(L4+H4,'DGI TABLE'!$A$2:$A$91,'DGI TABLE'!$D$2:$D$91))/_xlfn.XLOOKUP(L4+K4,'DGI TABLE'!$A$2:$A$91,'DGI TABLE'!$C$2:$C$91) -> 2.8810193 | X4: =G4*(V4-(U4*W4)) -> 294.23424
A5: 4 | B5: MUHAMMAD ALIF BIN RAZALI | C5: M | D5: 49 | E5: ENP | F5: 10 | G5: 125000 | H5: 3 | I5: None | J5: 0 | K5: 2 | L5: =IF(C5="F",D5-3,D5) -> 49 | M5: =(_xlfn.XLOOKUP(L5,'DGI TABLE'!$A$2:$A$91,'DGI TABLE'!$G$2:$G$91)-_xlfn.XLOOKUP(L5+F5,'DGI TABLE'!$A$2:$A$91,'DGI TABLE'!$G$2:$G$91)+_xlfn.XLOOKUP(L5+F5,'DGI TABLE'!$A$2:$A$91,'DGI TABLE'!$C$2:$C$91))/_xlfn.XLOOKUP(L5,'DGI TABLE'!$A$2:$A$91,'DGI TABLE'!$C$2:$C$91) -> 0.68583118 | N5: =(_xlfn.XLOOKUP(L5,'DGI TABLE'!$A$2:$A$91,'DGI TABLE'!$D$2:$D$91)-_xlfn.XLOOKUP(L5+H5,'DGI TABLE'!$A$2:$A$91,'DGI TABLE'!$D$2:$D$91))/_xlfn.XLOOKUP(L5,'DGI TABLE'!$A$2:$A$91,'DGI TABLE'!$C$2:$C$91) -> 2.8686562 | O5: =M5/N5 -> 0.23907751 | P5: =(_xlfn.XLOOKUP(L5+1,'DGI TABLE'!$A$2:$A$91,'DGI TABLE'!$G$2:$G$91)-_xlfn.XLOOKUP(L5+F5,'DGI TABLE'!$A$2:$A$91,'DGI TABLE'!$G$2:$G$91))/_xlfn.XLOOKUP(L5+1,'DGI TABLE'!$A$2:$A$91,'DGI TABLE'!$C$2:$C$91) -> 0.067394531 | Q5: =(_xlfn.XLOOKUP(L5+1,'DGI TABLE'!$A$2:$A$91,'DGI TABLE'!$D$2:$D$91)-_xlfn.XLOOKUP(L5+H5,'DGI TABLE'!$A$2:$A$91,'DGI TABLE'!$D$2:$D$91))/_xlfn.XLOOKUP(L5+1,'DGI TABLE'!$A$2:$A$91,'DGI TABLE'!$C$2:$C$91) -> 1.9551924 | R5: =_xlfn.XLOOKUP(L5,'DGI TABLE'!$A$2:$A$91,'DGI TABLE'!$F$2:$F$91)/_xlfn.XLOOKUP(L5,'DGI TABLE'!$A$2:$A$91,'DGI TABLE'!$C$2:$C$91) -> 0.0057980762 | S5: =P5/Q5 -> 0.034469514 | T5: =O5+0.03/N5 -> 0.24953537 | U5: =MIN(S5,T5) -> 0.034469514 | V5: =(_xlfn.XLOOKUP(L5+K5,'DGI TABLE'!$A$2:$A$91,'DGI TABLE'!$G$2:$G$91)-_xlfn.XLOOKUP(L5+F5,'DGI TABLE'!$A$2:$A$91,'DGI TABLE'!$G$2:$G$91))/_xlfn.XLOOKUP(L5+K5,'DGI TABLE'!$A$2:$A$91,'DGI TABLE'!$C$2:$C$91) -> 0.063912132 | W5: =(_xlfn.XLOOKUP(L5+K5,'DGI TABLE'!$A$2:$A$91,'DGI TABLE'!$D$2:$D$91)-_xlfn.XLOOKUP(L5+H5,'DGI TABLE'!$A$2:$A$91,'DGI TABLE'!$D$2:$D$91))/_xlfn.XLOOKUP(L5+K5,'DGI TABLE'!$A$2:$A$91,'DGI TABLE'!$C$2:$C$91) -> 1.0000001 | X5: =G5*(V5-(U5*W5)) -> 3680.327
A6: 5 | B6: NUR AINUL MARDHIYAH BINTI KAMAL | C6: F | D6: 38 | E6: ENP | F6: 20 | G6: 60000 | H6: 5 | I6: None | J6: 0 | K6: 3 | L6: =IF(C6="F",D6-3,D6) -> 35 | M6: =(_xlfn.XLOOKUP(L6,'DGI TABLE'!$A$2:$A$91,'DGI TABLE'!$G$2:$G$91)-_xlfn.XLOOKUP(L6+F6,'DGI TABLE'!$A$2:$A$91,'DGI TABLE'!$G$2:$G$91)+_xlfn.XLOOKUP(L6+F6,'DGI TABLE'!$A$2:$A$91,'DGI TABLE'!$C$2:$C$91))/_xlfn.XLOOKUP(L6,'DGI TABLE'!$A$2:$A$91,'DGI TABLE'!$C$2:$C$91) -> 0.47028786 | N6: =(_xlfn.XLOOKUP(L6,'DGI TABLE'!$A$2:$A$91,'DGI TABLE'!$D$2:$D$91)-_xlfn.XLOOKUP(L6+H6,'DGI TABLE'!$A$2:$A$91,'DGI TABLE'!$D$2:$D$91))/_xlfn.XLOOKUP(L6,'DGI TABLE'!$A$2:$A$91,'DGI TABLE'!$C$2:$C$91) -> 4.6109095 | O6: =M6/N6 -> 0.1019946 | P6: =(_xlfn.XLOOKUP(L6+1,'DGI TABLE'!$A$2:$A$91,'DGI TABLE'!$G$2:$G$91)-_xlfn.XLOOKUP(L6+F6,'DGI TABLE'!$A$2:$A$91,'DGI TABLE'!$G$2:$G$91))/_xlfn.XLOOKUP(L6+1,'DGI TABLE'!$A$2:$A$91,'DGI TABLE'!$C$2:$C$91) -> 0.054697655 | Q6: =(_xlfn.XLOOKUP(L6+1,'DGI TABLE'!$A$2:$A$91,'DGI TABLE'!$D$2:$D$91)-_xlfn.XLOOKUP(L6+H6,'DGI TABLE'!$A$2:$A$91,'DGI TABLE'!$D$2:$D$91))/_xlfn.XLOOKUP(L6+1,'DGI TABLE'!$A$2:$A$91,'DGI TABLE'!$C$2:$C$91) -> 3.762947 | R6: =_xlfn.XLOOKUP(L6,'DGI TABLE'!$A$2:$A$91,'DGI TABLE'!$F$2:$F$91)/_xlfn.XLOOKUP(L6,'DGI TABLE'!$A$2:$A$91,'DGI TABLE'!$C$2:$C$91) -> 0.0019423062 | S6: =P6/Q6 -> 0.014535856 | T6: =O6+0.03/N6 -> 0.10850091 | U6: =MIN(S6,T6) -> 0.014535856 | V6: =(_xlfn.XLOOKUP(L6+K6,'DGI TABLE'!$A$2:$A$91,'DGI TABLE'!$G$2:$G$91)-_xlfn.XLOOKUP(L6+F6,'DGI TABLE'!$A$2:$A$91,'DGI TABLE'!$G$2:$G$91))/_xlfn.XLOOKUP(L6+K6,'DGI TABLE'!$A$2:$A$91,'DGI TABLE'!$C$2:$C$91) -> 0.054921611 | W6: =(_xlfn.XLOOKUP(L6+K6,'DGI TABLE'!$A$2:$A$91,'DGI TABLE'!$D$2:$D$91)-_xlfn.XLOOKUP(L6+H6,'DGI TABLE'!$A$2:$A$91,'DGI TABLE'!$D$2:$D$91))/_xlfn.XLOOKUP(L6+K6,'DGI TABLE'!$A$2:$A$91,'DGI TABLE'!$C$2:$C$91) -> 1.9592404 | X6: =G6*(V6-(U6*W6)) -> 1586.5425
A7: 6 | B7: SITI NURAINA BINTI RAMLI | C7: F | D7: 51 | E7: ENP | F7: 5 | G7: 75000 | H7: 5 | I7: None | J7: 0 | K7: 4 | L7: =IF(C7="F",D7-3,D7) -> 48 | M7: =(_xlfn.XLOOKUP(L7,'DGI TABLE'!$A$2:$A$91,'DGI TABLE'!$G$2:$G$91)-_xlfn.XLOOKUP(L7+F7,'DGI TABLE'!$A$2:$A$91,'DGI TABLE'!$G$2:$G$91)+_xlfn.XLOOKUP(L7+F7,'DGI TABLE'!$A$2:$A$91,'DGI TABLE'!$C$2:$C$91))/_xlfn.XLOOKUP(L7,'DGI TABLE'!$A$2:$A$91,'DGI TABLE'!$C$2:$C$91) -> 0.8239835 | N7: =(_xlfn.XLOOKUP(L7,'DGI TABLE'!$A$2:$A$91,'DGI TABLE'!$D$2:$D$91)-_xlfn.XLOOKUP(L7+H7,'DGI TABLE'!$A$2:$A$91,'DGI TABLE'!$D$2:$D$91))/_xlfn.XLOOKUP(L7,'DGI TABLE'!$A$2:$A$91,'DGI TABLE'!$C$2:$C$91) -> 4.5764282 | O7: =M7/N7 -> 0.18004948 | P7: =(_xlfn.XLOOKUP(L7+1,'DGI TABLE'!$A$2:$A$91,'DGI TABLE'!$G$2:$G$91)-_xlfn.XLOOKUP(L7+F7,'DGI TABLE'!$A$2:$A$91,'DGI TABLE'!$G$2:$G$91))/_xlfn.XLOOKUP(L7+1,'DGI TABLE'!$A$2:$A$91,'DGI TABLE'!$C$2:$C$91) -> 0.024812171 | Q7: =(_xlfn.XLOOKUP(L7+1,'DGI TABLE'!$A$2:$A$91,'DGI TABLE'!$D$2:$D$91)-_xlfn.XLOOKUP(L7+H7,'DGI TABLE'!$A$2:$A$91,'DGI TABLE'!$D$2:$D$91))/_xlfn.XLOOKUP(L7+1,'DGI TABLE'!$A$2:$A$91,'DGI TABLE'!$C$2:$C$91) -> 3.7401309 | R7: =_xlfn.XLOOKUP(L7,'DGI TABLE'!$A$2:$A$91,'DGI TABLE'!$F$2:$F$91)/_xlfn.XLOOKUP(L7,'DGI TABLE'!$A$2:$A$91,'DGI TABLE'!$C$2:$C$91) -> 0.0053076929 | S7: =P7/Q7 -> 0.0066340381 | T7: =O7+0.03/N7 -> 0.18660481 | U7: =MIN(S7,T7) -> 0.0066340381 | V7: =(_xlfn.XLOOKUP(L7+K7,'DGI TABLE'!$A$2:$A$91,'DGI TABLE'!$G$2:$G$91)-_xlfn.XLOOKUP(L7+F7,'DGI TABLE'!$A$2:$A$91,'DGI TABLE'!$G$2:$G$91))/_xlfn.XLOOKUP(L7+K7,'DGI TABLE'!$A$2:$A$91,'DGI TABLE'!$C$2:$C$91) -> 0.0075961494 | W7: =(_xlfn.XLOOKUP(L7+K7,'DGI TABLE'!$A$2:$A$91,'DGI TABLE'!$D$2:$D$91)-_xlfn.XLOOKUP(L7+H7,'DGI TABLE'!$A$2:$A$91,'DGI TABLE'!$D$2:$D$91))/_xlfn.XLOOKUP(L7+K7,'DGI TABLE'!$A$2:$A$91,'DGI TABLE'!$C$2:$C$91) -> 0.99999991 | X7: =G7*(V7-(U7*W7)) -> 72.15839
A8: 7 | B8: MUHAMMAD DANISH BIN ALI | C8: M | D8: 41 | E8: ENP | F8: 20 | G8: 150000 | H8: 15 | I8: None | J8: 0 | K8: 3 | L8: =IF(C8="F",D8-3,D8) -> 41 | M8: =(_xlfn.XLOOKUP(L8,'DGI TABLE'!$A$2:$A$91,'DGI TABLE'!$G$2:$G$91)-_xlfn.XLOOKUP(L8+F8,'DGI TABLE'!$A$2:$A$91,'DGI TABLE'!$G$2:$G$91)+_xlfn.XLOOKUP(L8+F8,'DGI TABLE'!$A$2:$A$91,'DGI TABLE'!$C$2:$C$91))/_xlfn.XLOOKUP(L8,'DGI TABLE'!$A$2:$A$91,'DGI TABLE'!$C$2:$C$91) -> 0.47904 | N8: =(_xlfn.XLOOKUP(L8,'DGI TABLE'!$A$2:$A$91,'DGI TABLE'!$D$2:$D$91)-_xlfn.XLOOKUP(L8+H8,'DGI TABLE'!$A$2:$A$91,'DGI TABLE'!$D$2:$D$91))/_xlfn.XLOOKUP(L8,'DGI TABLE'!$A$2:$A$91,'DGI TABLE'!$C$2:$C$91) -> 11.247629 | O8: =M8/N8 -> 0.042590311 | P8: =(_xlfn.XLOOKUP(L8+1,'DGI TABLE'!$A$2:$A$91,'DGI TABLE'!$G$2:$G$91)-_xlfn.XLOOKUP(L8+F8,'DGI TABLE'!$A$2:$A$91,'DGI TABLE'!$G$2:$G$91))/_xlfn.XLOOKUP(L8+1,'DGI TABLE'!$A$2:$A$91,'DGI TABLE'!$C$2:$C$91) -> 0.088875562 | Q8: =(_xlfn.XLOOKUP(L8+1,'DGI TABLE'!$A$2:$A$91,'DGI TABLE'!$D$2:$D$91)-_xlfn.XLOOKUP(L8+H8,'DGI TABLE'!$A$2:$A$91,'DGI TABLE'!$D$2:$D$91))/_xlfn.XLOOKUP(L8+1,'DGI TABLE'!$A$2:$A$91,'DGI TABLE'!$C$2:$C$91) -> 10.688853 | R8: =_xlfn.XLOOKUP(L8,'DGI TABLE'!$A$2:$A$91,'DGI TABLE'!$F$2:$F$91)/_xlfn.XLOOKUP(L8,'DGI TABLE'!$A$2:$A$91,'DGI TABLE'!$C$2:$C$91) -> 0.0028173098 | S8: =P8/Q8 -> 0.0083147898 | T8: =O8+0.03/N8 -> 0.045257539 | U8: =MIN(S8,T8) -> 0.0083147898 | V8: =(_xlfn.XLOOKUP(L8+K8,'DGI TABLE'!$A$2:$A$91,'DGI TABLE'!$G$2:$G$91)-_xlfn.XLOOKUP(L8+F8,'DGI TABLE'!$A$2:$A$91,'DGI TABLE'!$G$2:$G$91))/_xlfn.XLOOKUP(L8+K8,'DGI TABLE'!$A$2:$A$91,'DGI TABLE'!$C$2:$C$91) -> 0.089931076 | W8: =(_xlfn.XLOOKUP(L8+K8,'DGI TABLE'!$A$2:$A$91,'DGI TABLE'!$D$2:$D$91)-_xlfn.XLOOKUP(L8+H8,'DGI TABLE'!$A$2:$A$91,'DGI TABLE'!$D$2:$D$91))/_xlfn.XLOOKUP(L8+K8,'DGI TABLE'!$A$2:$A$91,'DGI TABLE'!$C$2:$C$91) -> 9.5061757 | X8: =G8*(V8-(U8*W8)) -> 1633.3835
A9: 8 | B9: AHMAD FAIZ BIN YAHYA | C9: M | D9: 36 | E9: ENP | F9: 5 | G9: 60000 | H9: 3 | I9: None | J9: 0 | K9: 2 | L9: =IF(C9="F",D9-3,D9) -> 36 | M9: =(_xlfn.XLOOKUP(L9,'DGI TABLE'!$A$2:$A$91,'DGI TABLE'!$G$2:$G$91)-_xlfn.XLOOKUP(L9+F9,'DGI TABLE'!$A$2:$A$91,'DGI TABLE'!$G$2:$G$91)+_xlfn.XLOOKUP(L9+F9,'DGI TABLE'!$A$2:$A$91,'DGI TABLE'!$C$2:$C$91))/_xlfn.XLOOKUP(L9,'DGI TABLE'!$A$2:$A$91,'DGI TABLE'!$C$2:$C$91) -> 0.82269986 | N9: =(_xlfn.XLOOKUP(L9,'DGI TABLE'!$A$2:$A$91,'DGI TABLE'!$D$2:$D$91)-_xlfn.XLOOKUP(L9+H9,'DGI TABLE'!$A$2:$A$91,'DGI TABLE'!$D$2:$D$91))/_xlfn.XLOOKUP(L9,'DGI TABLE'!$A$2:$A$91,'DGI TABLE'!$C$2:$C$91) -> 2.8799733 | O9: =M9/N9 -> 0.28566232 | P9: =(_xlfn.XLOOKUP(L9+1,'DGI TABLE'!$A$2:$A$91,'DGI TABLE'!$G$2:$G$91)-_xlfn.XLOOKUP(L9+F9,'DGI TABLE'!$A$2:$A$91,'DGI TABLE'!$G$2:$G$91))/_xlfn.XLOOKUP(L9+1,'DGI TABLE'!$A$2:$A$91,'DGI TABLE'!$C$2:$C$91) -> 0.0089337263 | Q9: =(_xlfn.XLOOKUP(L9+1,'DGI TABLE'!$A$2:$A$91,'DGI TABLE'!$D$2:$D$91)-_xlfn.XLOOKUP(L9+H9,'DGI TABLE'!$A$2:$A$91,'DGI TABLE'!$D$2:$D$91))/_xlfn.XLOOKUP(L9+1,'DGI TABLE'!$A$2:$A$91,'DGI TABLE'!$C$2:$C$91) -> 1.9593654 | R9: =_xlfn.XLOOKUP(L9,'DGI TABLE'!$A$2:$A$91,'DGI TABLE'!$F$2:$F$91)/_xlfn.XLOOKUP(L9,'DGI TABLE'!$A$2:$A$91,'DGI TABLE'!$C$2:$C$91) -> 0.0020576944 | S9: =P9/Q9 -> 0.0045595 | T9: =O9+0.03/N9 -> 0.29607908 | U9: =MIN(S9,T9) -> 0.0045595 | V9: =(_xlfn.XLOOKUP(L9+K9,'DGI TABLE'!$A$2:$A$91,'DGI TABLE'!$G$2:$G$91)-_xlfn.XLOOKUP(L9+F9,'DGI TABLE'!$A$2:$A$91,'DGI TABLE'!$G$2:$G$91))/_xlfn.XLOOKUP(L9+K9,'DGI TABLE'!$A$2:$A$91,'DGI TABLE'!$C$2:$C$91) -> 0.0070469989 | W9: =(_xlfn.XLOOKUP(L9+K9,'DGI TABLE'!$A$2:$A$91,'DGI TABLE'!$D$2:$D$91)-_xlfn.XLOOKUP(L9+H9,'DGI TABLE'!$A$2:$A$91,'DGI TABLE'!$D$2:$D$91))/_xlfn.XLOOKUP(L9+K9,'DGI TABLE'!$A$2:$A$91,'DGI TABLE'!$C$2:$C$91) -> 1 | X9: =G9*(V9-(U9*W9)) -> 149.24994
A10: 9 | B10: AHMAD HAZIQ BIN RAHMAN | C10: M | D10: 60 | E10: ENP | F10: 20 | G10: 50000 | H10: 15 | I10: None | J10: 0 | K10: 3 | L10: =IF(C10="F",D10-3,D10) -> 60 | M10: =(_xlfn.XLOOKUP(L10,'DGI TABLE'!$A$2:$A$91,'DGI TABLE'!$G$2:$G$91)-_xlfn.XLOOKUP(L10+F10,'DGI TABLE'!$A$2:$A$91,'DGI TABLE'!$G$2:$G$91)+_xlfn.XLOOKUP(L10+F10,'DGI TABLE'!$A$2:$A$91,'DGI TABLE'!$C$2:$C$91))/_xlfn.XLOOKUP(L10,'DGI TABLE'!$A$2:$A$91,'DGI TABLE'!$C$2:$C$91) -> 0.5553153 | N10: =(_xlfn.XLOOKUP(L10,'DGI TABLE'!$A$2:$A$91,'DGI TABLE'!$D$2:$D$91)-_xlfn.XLOOKUP(L10+H10,'DGI TABLE'!$A$2:$A$91,'DGI TABLE'!$D$2:$D$91))/_xlfn.XLOOKUP(L10,'DGI TABLE'!$A$2:$A$91,'DGI TABLE'!$C$2:$C$91) -> 10.111465 | O10: =M10/N10 -> 0.054919371 | P10: =(_xlfn.XLOOKUP(L10+1,'DGI TABLE'!$A$2:$A$91,'DGI TABLE'!$G$2:$G$91)-_xlfn.XLOOKUP(L10+F10,'DGI TABLE'!$A$2:$A$91,'DGI TABLE'!$G$2:$G$91))/_xlfn.XLOOKUP(L10+1,'DGI TABLE'!$A$2:$A$91,'DGI TABLE'!$C$2:$C$91) -> 0.35643879 | Q10: =(_xlfn.XLOOKUP(L10+1,'DGI TABLE'!$A$2:$A$91,'DGI TABLE'!$D$2:$D$91)-_xlfn.XLOOKUP(L10+H10,'DGI TABLE'!$A$2:$A$91,'DGI TABLE'!$D$2:$D$91))/_xlfn.XLOOKUP(L10+1,'DGI TABLE'!$A$2:$A$91,'DGI TABLE'!$C$2:$C$91) -> 9.6181773 | R10: =_xlfn.XLOOKUP(L10,'DGI TABLE'!$A$2:$A$91,'DGI TABLE'!$F$2:$F$91)/_xlfn.XLOOKUP(L10,'DGI TABLE'!$A$2:$A$91,'DGI TABLE'!$C$2:$C$91) -> 0.01422115 | S10: =P10/Q10 -> 0.037058871 | T10: =O10+0.03/N10 -> 0.0578863 | U10: =MIN(S10,T10) -> 0.037058871 | V10: =(_xlfn.XLOOKUP(L10+K10,'DGI TABLE'!$A$2:$A$91,'DGI TABLE'!$G$2:$G$91)-_xlfn.XLOOKUP(L10+F10,'DGI TABLE'!$A$2:$A$91,'DGI TABLE'!$G$2:$G$91))/_xlfn.XLOOKUP(L10+K10,'DGI TABLE'!$A$2:$A$91,'DGI TABLE'!$C$2:$C$91) -> 0.36382679 | W10: =(_xlfn.XLOOKUP(L10+K10,'DGI TABLE'!$A$2:$A$91,'DGI TABLE'!$D$2:$D$91)-_xlfn.XLOOKUP(L10+H10,'DGI TABLE'!$A$2:$A$91,'DGI TABLE'!$D$2:$D$91))/_xlfn.XLOOKUP(L10+K10,'DGI TABLE'!$A$2:$A$91,'DGI TABLE'!$C$2:$C$91) -> 8.5821136 | X10: =G10*(V10-(U10*W10)) -> 2289.1673
A11: 10 | B11: NUR HAZIRAH BINTI HALIM | C11: F | D11: 41 | E11: ENP | F11: 25 | G11: 120000 | H11: 20 | I11: None | J11: 0 | K11: 2 | L11: =IF(C11="F",D11-3,D11) -> 38 | M11: =(_xlfn.XLOOKUP(L11,'DGI TABLE'!$A$2:$A$91,'DGI TABLE'!$G$2:$G$91)-_xlfn.XLOOKUP(L11+F11,'DGI TABLE'!$A$2:$A$91,'DGI TABLE'!$G$2:$G$91)+_xlfn.XLOOKUP(L11+F11,'DGI TABLE'!$A$2:$A$91,'DGI TABLE'!$C$2:$C$91))/_xlfn.XLOOKUP(L11,'DGI TABLE'!$A$2:$A$91,'DGI TABLE'!$C$2:$C$91) -> 0.40384099 | N11: =(_xlfn.XLOOKUP(L11,'DGI TABLE'!$A$2:$A$91,'DGI TABLE'!$D$2:$D$91)-_xlfn.XLOOKUP(L11+H11,'DGI TABLE'!$A$2:$A$91,'DGI TABLE'!$D$2:$D$91))/_xlfn.XLOOKUP(L11,'DGI TABLE'!$A$2:$A$91,'DGI TABLE'!$C$2:$C$91) -> 13.676014 | O11: =M11/N11 -> 0.029529145 | P11: =(_xlfn.XLOOKUP(L11+1,'DGI TABLE'!$A$2:$A$91,'DGI TABLE'!$G$2:$G$91)-_xlfn.XLOOKUP(L11+F11,'DGI TABLE'!$A$2:$A$91,'DGI TABLE'!$G$2:$G$91))/_xlfn.XLOOKUP(L11+1,'DGI TABLE'!$A$2:$A$91,'DGI TABLE'!$C$2:$C$91) -> 0.097124849 | Q11: =(_xlfn.XLOOKUP(L11+1,'DGI TABLE'!$A$2:$A$91,'DGI TABLE'!$D$2:$D$91)-_xlfn.XLOOKUP(L11+H11,'DGI TABLE'!$A$2:$A$91,'DGI TABLE'!$D$2:$D$91))/_xlfn.XLOOKUP(L11+1,'DGI TABLE'!$A$2:$A$91,'DGI TABLE'!$C$2:$C$91) -> 13.214637 | R11: =_xlfn.XLOOKUP(L11,'DGI TABLE'!$A$2:$A$91,'DGI TABLE'!$F$2:$F$91)/_xlfn.XLOOKUP(L11,'DGI TABLE'!$A$2:$A$91,'DGI TABLE'!$C$2:$C$91) -> 0.0022980774 | S11: =P11/Q11 -> 0.0073497931 | T11: =O11+0.03/N11 -> 0.031722766 | U11: =MIN(S11,T11) -> 0.0073497931 | V11: =(_xlfn.XLOOKUP(L11+K11,'DGI TABLE'!$A$2:$A$91,'DGI TABLE'!$G$2:$G$91)-_xlfn.XLOOKUP(L11+F11,'DGI TABLE'!$A$2:$A$91,'DGI TABLE'!$G$2:$G$91))/_xlfn.XLOOKUP(L11+K11,'DGI TABLE'!$A$2:$A$91,'DGI TABLE'!$C$2:$C$91) -> 0.098720596 | W11: =(_xlfn.XLOOKUP(L11+K11,'DGI TABLE'!$A$2:$A$91,'DGI TABLE'!$D$2:$D$91)-_xlfn.XLOOKUP(L11+H11,'DGI TABLE'!$A$2:$A$91,'DGI TABLE'!$D$2:$D$91))/_xlfn.XLOOKUP(L11+K11,'DGI TABLE'!$A$2:$A$91,'DGI TABLE'!$C$2:$C$91) -> 12.735571 | X11: =G11*(V11-(U11*W11)) -> 614.01418
A12: 11 | B12: NUR IZZATI BINTI ROSLI | C12: F | D12: 42 | E12: ENP | F12: 10 | G12: 100000 | H12: 7 | I12: None | J12: 0 | K12: 3 | L12: =IF(C12="F",D12-3,D12) -> 39 | M12: =(_xlfn.XLOOKUP(L12,'DGI TABLE'!$A$2:$A$91,'DGI TABLE'!$G$2:$G$91)-_xlfn.XLOOKUP(L12+F12,'DGI TABLE'!$A$2:$A$91,'DGI TABLE'!$G$2:$G$91)+_xlfn.XLOOKUP(L12+F12,'DGI TABLE'!$A$2:$A$91,'DGI TABLE'!$C$2:$C$91))/_xlfn.XLOOKUP(L12,'DGI TABLE'!$A$2:$A$91,'DGI TABLE'!$C$2:$C$91) -> 0.67982078 | N12: =(_xlfn.XLOOKUP(L12,'DGI TABLE'!$A$2:$A$91,'DGI TABLE'!$D$2:$D$91)-_xlfn.XLOOKUP(L12+H12,'DGI TABLE'!$A$2:$A$91,'DGI TABLE'!$D$2:$D$91))/_xlfn.XLOOKUP(L12,'DGI TABLE'!$A$2:$A$91,'DGI TABLE'!$C$2:$C$91) -> 6.1910761 | O12: =M12/N12 -> 0.10980656 | P12: =(_xlfn.XLOOKUP(L12+1,'DGI TABLE'!$A$2:$A$91,'DGI TABLE'!$G$2:$G$91)-_xlfn.XLOOKUP(L12+F12,'DGI TABLE'!$A$2:$A$91,'DGI TABLE'!$G$2:$G$91))/_xlfn.XLOOKUP(L12+1,'DGI TABLE'!$A$2:$A$91,'DGI TABLE'!$C$2:$C$91) -> 0.028248847 | Q12: =(_xlfn.XLOOKUP(L12+1,'DGI TABLE'!$A$2:$A$91,'DGI TABLE'!$D$2:$D$91)-_xlfn.XLOOKUP(L12+H12,'DGI TABLE'!$A$2:$A$91,'DGI TABLE'!$D$2:$D$91))/_xlfn.XLOOKUP(L12+1,'DGI TABLE'!$A$2:$A$91,'DGI TABLE'!$C$2:$C$91) -> 5.4124667 | R12: =_xlfn.XLOOKUP(L12,'DGI TABLE'!$A$2:$A$91,'DGI TABLE'!$F$2:$F$91)/_xlfn.XLOOKUP(L12,'DGI TABLE'!$A$2:$A$91,'DGI TABLE'!$C$2:$C$91) -> 0.0024423096 | S12: =P12/Q12 -> 0.0052192186 | T12: =O12+0.03/N12 -> 0.11465225 | U12: =MIN(S12,T12) -> 0.0052192186 | V12: =(_xlfn.XLOOKUP(L12+K12,'DGI TABLE'!$A$2:$A$91,'DGI TABLE'!$G$2:$G$91)-_xlfn.XLOOKUP(L12+F12,'DGI TABLE'!$A$2:$A$91,'DGI TABLE'!$G$2:$G$91))/_xlfn.XLOOKUP(L12+K12,'DGI TABLE'!$A$2:$A$91,'DGI TABLE'!$C$2:$C$91) -> 0.024943853 | W12: =(_xlfn.XLOOKUP(L12+K12,'DGI TABLE'!$A$2:$A$91,'DGI TABLE'!$D$2:$D$91)-_xlfn.XLOOKUP(L12+H12,'DGI TABLE'!$A$2:$A$91,'DGI TABLE'!$D$2:$D$91))/_xlfn.XLOOKUP(L12+K12,'DGI TABLE'!$A$2:$A$91,'DGI TABLE'!$C$2:$C$91) -> 3.7565473 | X12: =G12*(V12-(U12*W12)) -> 533.7612
A13: 12 | B13: AHMAD HILMI BIN KAMAL | C13: M | D13: 47 | E13: ENP | F13: 25 | G13: 80000 | H13: 20 | I13: None | J13: 0 | K13: 4 | L13: =IF(C13="F",D13-3,D13) -> 47 | M13: =(_xlfn.XLOOKUP(L13,'DGI TABLE'!$A$2:$A$91,'DGI TABLE'!$G$2:$G$91)-_xlfn.XLOOKUP(L13+F13,'DGI TABLE'!$A$2:$A$91,'DGI TABLE'!$G$2:$G$91)+_xlfn.XLOOKUP(L13+F13,'DGI TABLE'!$A$2:$A$91,'DGI TABLE'!$C$2:$C$91))/_xlfn.XLOOKUP(L13,'DGI TABLE'!$A$2:$A$91,'DGI TABLE'!$C$2:$C$91) -> 0.43406358 | N13: =(_xlfn.XLOOKUP(L13,'DGI TABLE'!$A$2:$A$91,'DGI TABLE'!$D$2:$D$91)-_xlfn.XLOOKUP(L13+H13,'DGI TABLE'!$A$2:$A$91,'DGI TABLE'!$D$2:$D$91))/_xlfn.XLOOKUP(L13,'DGI TABLE'!$A$2:$A$91,'DGI TABLE'!$C$2:$C$91) -> 13.16881 | O13: =M13/N13 -> 0.032961487 | P13: =(_xlfn.XLOOKUP(L13+1,'DGI TABLE'!$A$2:$A$91,'DGI TABLE'!$G$2:$G$91)-_xlfn.XLOOKUP(L13+F13,'DGI TABLE'!$A$2:$A$91,'DGI TABLE'!$G$2:$G$91))/_xlfn.XLOOKUP(L13+1,'DGI TABLE'!$A$2:$A$91,'DGI TABLE'!$C$2:$C$91) -> 0.19208633 | Q13: =(_xlfn.XLOOKUP(L13+1,'DGI TABLE'!$A$2:$A$91,'DGI TABLE'!$D$2:$D$91)-_xlfn.XLOOKUP(L13+H13,'DGI TABLE'!$A$2:$A$91,'DGI TABLE'!$D$2:$D$91))/_xlfn.XLOOKUP(L13+1,'DGI TABLE'!$A$2:$A$91,'DGI TABLE'!$C$2:$C$91) -> 12.719798 | R13: =_xlfn.XLOOKUP(L13,'DGI TABLE'!$A$2:$A$91,'DGI TABLE'!$F$2:$F$91)/_xlfn.XLOOKUP(L13,'DGI TABLE'!$A$2:$A$91,'DGI TABLE'!$C$2:$C$91) -> 0.0048557714 | S13: =P13/Q13 -> 0.015101367 | T13: =O13+0.03/N13 -> 0.035239597 | U13: =MIN(S13,T13) -> 0.015101367 | V13: =(_xlfn.XLOOKUP(L13+K13,'DGI TABLE'!$A$2:$A$91,'DGI TABLE'!$G$2:$G$91)-_xlfn.XLOOKUP(L13+F13,'DGI TABLE'!$A$2:$A$91,'DGI TABLE'!$G$2:$G$91))/_xlfn.XLOOKUP(L13+K13,'DGI TABLE'!$A$2:$A$91,'DGI TABLE'!$C$2:$C$91) -> 0.20096556 | W13: =(_xlfn.XLOOKUP(L13+K13,'DGI TABLE'!$A$2:$A$91,'DGI TABLE'!$D$2:$D$91)-_xlfn.XLOOKUP(L13+H13,'DGI TABLE'!$A$2:$A$91,'DGI TABLE'!$D$2:$D$91))/_xlfn.XLOOKUP(L13+K13,'DGI TABLE'!$A$2:$A$91,'DGI TABLE'!$C$2:$C$91) -> 11.283082 | X13: =G13*(V13-(U13*W13)) -> 2446.0486
A14: 13 | B14: MUHAMMAD ADIB BIN FAIZAL | C14: M | D14: 43 | E14: ENP | F14: 5 | G14: 60000 | H14: 4 | I14: None | J14: 0 | K14: 3 | L14: =IF(C14="F",D14-3,D14) -> 43 | M14: =(_xlfn.XLOOKUP(L14,'DGI TABLE'!$A$2:$A$91,'DGI TABLE'!$G$2:$G$91)-_xlfn.XLOOKUP(L14+F14,'DGI TABLE'!$A$2:$A$91,'DGI TABLE'!$G$2:$G$91)+_xlfn.XLOOKUP(L14+F14,'DGI TABLE'!$A$2:$A$91,'DGI TABLE'!$C$2:$C$91))/_xlfn.XLOOKUP(L14,'DGI TABLE'!$A$2:$A$91,'DGI TABLE'!$C$2:$C$91) -> 0.82323455 | N14: =(_xlfn.XLOOKUP(L14,'DGI TABLE'!$A$2:$A$91,'DGI TABLE'!$D$2:$D$91)-_xlfn.XLOOKUP(L14+H14,'DGI TABLE'!$A$2:$A$91,'DGI TABLE'!$D$2:$D$91))/_xlfn.XLOOKUP(L14,'DGI TABLE'!$A$2:$A$91,'DGI TABLE'!$C$2:$C$91) -> 3.7547867 | O14: =M14/N14 -> 0.21924935 | P14: =(_xlfn.XLOOKUP(L14+1,'DGI TABLE'!$A$2:$A$91,'DGI TABLE'!$G$2:$G$91)-_xlfn.XLOOKUP(L14+F14,'DGI TABLE'!$A$2:$A$91,'DGI TABLE'!$G$2:$G$91))/_xlfn.XLOOKUP(L14+1,'DGI TABLE'!$A$2:$A$91,'DGI TABLE'!$C$2:$C$91) -> 0.015860907 | Q14: =(_xlfn.XLOOKUP(L14+1,'DGI TABLE'!$A$2:$A$91,'DGI TABLE'!$D$2:$D$91)-_xlfn.XLOOKUP(L14+H14,'DGI TABLE'!$A$2:$A$91,'DGI TABLE'!$D$2:$D$91))/_xlfn.XLOOKUP(L14+1,'DGI TABLE'!$A$2:$A$91,'DGI TABLE'!$C$2:$C$91) -> 2.8750118 | R14: =_xlfn.XLOOKUP(L14,'DGI TABLE'!$A$2:$A$91,'DGI TABLE'!$F$2:$F$91)/_xlfn.XLOOKUP(L14,'DGI TABLE'!$A$2:$A$91,'DGI TABLE'!$C$2:$C$91) -> 0.0033557667 | S14: =P14/Q14 -> 0.0055168145 | T14: =O14+0.03/N14 -> 0.22723916 | U14: =MIN(S14,T14) -> 0.0055168145 | V14: =(_xlfn.XLOOKUP(L14+K14,'DGI TABLE'!$A$2:$A$91,'DGI TABLE'!$G$2:$G$91)-_xlfn.XLOOKUP(L14+F14,'DGI TABLE'!$A$2:$A$91,'DGI TABLE'!$G$2:$G$91))/_xlfn.XLOOKUP(L14+K14,'DGI TABLE'!$A$2:$A$91,'DGI TABLE'!$C$2:$C$91) -> 0.0090706087 | W14: =(_xlfn.XLOOKUP(L14+K14,'DGI TABLE'!$A$2:$A$91,'DGI TABLE'!$D$2:$D$91)-_xlfn.XLOOKUP(L14+H14,'DGI TABLE'!$A$2:$A$91,'DGI TABLE'!$D$2:$D$91))/_xlfn.XLOOKUP(L14+K14,'DGI TABLE'!$A$2:$A$91,'DGI TABLE'!$C$2:$C$91) -> 1 | X14: =G14*(V14-(U14*W14)) -> 213.22765
A15: 14 | B15: NUR FARAHIN BINTI OSMAN | C15: F | D15: 53 | E15: ENP | F15: 10 | G15: 175000 | H15: 3 | I15: None | J15: 0 | K15: 2 | L15: =IF(C15="F",D15-3,D15) -> 50 | M15: =(_xlfn.XLOOKUP(L15,'DGI TABLE'!$A$2:$A$91,'DGI TABLE'!$G$2:$G$91)-_xlfn.XLOOKUP(L15+F15,'DGI TABLE'!$A$2:$A$91,'DGI TABLE'!$G$2:$G$91)+_xlfn.XLOOKUP(L15+F15,'DGI TABLE'!$A$2:$A$91,'DGI TABLE'!$C$2:$C$91))/_xlfn.XLOOKUP(L15,'DGI TABLE'!$A$2:$A$91,'DGI TABLE'!$C$2:$C$91) -> 0.68675075 | N15: =(_xlfn.XLOOKUP(L15,'DGI TABLE'!$A$2:$A$91,'DGI TABLE'!$D$2:$D$91)-_xlfn.XLOOKUP(L15+H15,'DGI TABLE'!$A$2:$A$91,'DGI TABLE'!$D$2:$D$91))/_xlfn.XLOOKUP(L15,'DGI TABLE'!$A$2:$A$91,'DGI TABLE'!$C$2:$C$91) -> 2.8670245 | O15: =M15/N15 -> 0.23953432 | P15: =(_xlfn.XLOOKUP(L15+1,'DGI TABLE'!$A$2:$A$91,'DGI TABLE'!$G$2:$G$91)-_xlfn.XLOOKUP(L15+F15,'DGI TABLE'!$A$2:$A$91,'DGI TABLE'!$G$2:$G$91))/_xlfn.XLOOKUP(L15+1,'DGI TABLE'!$A$2:$A$91,'DGI TABLE'!$C$2:$C$91) -> 0.072866672 | Q15: =(_xlfn.XLOOKUP(L15+1,'DGI TABLE'!$A$2:$A$91,'DGI TABLE'!$D$2:$D$91)-_xlfn.XLOOKUP(L15+H15,'DGI TABLE'!$A$2:$A$91,'DGI TABLE'!$D$2:$D$91))/_xlfn.XLOOKUP(L15+1,'DGI TABLE'!$A$2:$A$91,'DGI TABLE'!$C$2:$C$91) -> 1.9546058 | R15: =_xlfn.XLOOKUP(L15,'DGI TABLE'!$A$2:$A$91,'DGI TABLE'!$F$2:$F$91)/_xlfn.XLOOKUP(L15,'DGI TABLE'!$A$2:$A$91,'DGI TABLE'!$C$2:$C$91) -> 0.0063461531 | S15: =P15/Q15 -> 0.037279471 | T15: =O15+0.03/N15 -> 0.24999813 | U15: =MIN(S15,T15) -> 0.037279471 | V15: =(_xlfn.XLOOKUP(L15+K15,'DGI TABLE'!$A$2:$A$91,'DGI TABLE'!$G$2:$G$91)-_xlfn.XLOOKUP(L15+F15,'DGI TABLE'!$A$2:$A$91,'DGI TABLE'!$G$2:$G$91))/_xlfn.XLOOKUP(L15+K15,'DGI TABLE'!$A$2:$A$91,'DGI TABLE'!$C$2:$C$91) -> 0.069069321 | W15: =(_xlfn.XLOOKUP(L15+K15,'DGI TABLE'!$A$2:$A$91,'DGI TABLE'!$D$2:$D$91)-_xlfn.XLOOKUP(L15+H15,'DGI TABLE'!$A$2:$A$91,'DGI TABLE'!$D$2:$D$91))/_xlfn.XLOOKUP(L15+K15,'DGI TABLE'!$A$2:$A$91,'DGI TABLE'!$C$2:$C$91) -> 0.99999991 | X15: =G15*(V15-(U15*W15)) -> 5563.2243
A16: 15 | B16: NUR HANNA BINTI AZMAN | C16: F | D16: 45 | E16: EPC | F16: 25 | G16: 75000 | H16: 20 | I16: CRB | J16: 0.05 | K16: 8 | L16: =IF(C16="F",D16-3,D16) -> 42 | M16: =(_xlfn.XLOOKUP(L16,'DGI TABLE'!$A$2:$A$91,'DGI TABLE'!$G$2:$G$91)-_xlfn.XLOOKUP(L16+F16,'DGI TABLE'!$A$2:$A$91,'DGI TABLE'!$G$2:$G$91)+_xlfn.XLOOKUP(L16+F16,'DGI TABLE'!$A$2:$A$91,'DGI TABLE'!$C$2:$C$91))/_xlfn.XLOOKUP(L16,'DGI TABLE'!$A$2:$A$91,'DGI TABLE'!$C$2:$C$91) -> 0.41479393 | N16: =(_xlfn.XLOOKUP(L16,'DGI TABLE'!$A$2:$A$91,'DGI TABLE'!$D$2:$D$91)-_xlfn.XLOOKUP(L16+H16,'DGI TABLE'!$A$2:$A$91,'DGI TABLE'!$D$2:$D$91))/_xlfn.XLOOKUP(L16,'DGI TABLE'!$A$2:$A$91,'DGI TABLE'!$C$2:$C$91) -> 13.492949 | O16: =M16/N16 -> 0.030741533 | P16: =(_xlfn.XLOOKUP(L16+1,'DGI TABLE'!$A$2:$A$91,'DGI TABLE'!$G$2:$G$91)-_xlfn.XLOOKUP(L16+F16,'DGI TABLE'!$A$2:$A$91,'DGI TABLE'!$G$2:$G$91))/_xlfn.XLOOKUP(L16+1,'DGI TABLE'!$A$2:$A$91,'DGI TABLE'!$C$2:$C$91) -> 0.13202441 | Q16: =(_xlfn.XLOOKUP(L16+1,'DGI TABLE'!$A$2:$A$91,'DGI TABLE'!$D$2:$D$91)-_xlfn.XLOOKUP(L16+H16,'DGI TABLE'!$A$2:$A$91,'DGI TABLE'!$D$2:$D$91))/_xlfn.XLOOKUP(L16+1,'DGI TABLE'!$A$2:$A$91,'DGI TABLE'!$C$2:$C$91) -> 13.034246 | R16: =_xlfn.XLOOKUP(L16,'DGI TABLE'!$A$2:$A$91,'DGI TABLE'!$F$2:$F$91)/_xlfn.XLOOKUP(L16,'DGI TABLE'!$A$2:$A$91,'DGI TABLE'!$C$2:$C$91) -> 0.0030673055 | S16: =P16/Q16 -> 0.010129041 | T16: =O16+0.03/N16 -> 0.032964917 | U16: =MIN(S16,T16) -> 0.010129041 | V16: =(_xlfn.XLOOKUP(L16+K16,'DGI TABLE'!$A$2:$A$91,'DGI TABLE'!$G$2:$G$91)-_xlfn.XLOOKUP(L16+F16,'DGI TABLE'!$A$2:$A$91,'DGI TABLE'!$G$2:$G$91))/_xlfn.XLOOKUP(L16+K16,'DGI TABLE'!$A$2:$A$91,'DGI TABLE'!$C$2:$C$91) -> 0.14242306 | W16: =(_xlfn.XLOOKUP(L16+K16,'DGI TABLE'!$A$2:$A$91,'DGI TABLE'!$D$2:$D$91)-_xlfn.XLOOKUP(L16+H16,'DGI TABLE'!$A$2:$A$91,'DGI TABLE'!$D$2:$D$91))/_xlfn.XLOOKUP(L16+K16,'DGI TABLE'!$A$2:$A$91,'DGI TABLE'!$C$2:$C$91) -> 9.3339091 | X16: =G16*((((1+J16)^(K16-1))*V16)-(U16*W16)) -> 7939.5
A17: 16 | B17: AHMAD LUQMAN BIN AZHAR | C17: M | D17: 49 | E17: EPC | F17: 15 | G17: 60000 | H17: 10 | I17: CRB | J17: 0.05 | K17: 4 | L17: =IF(C17="F",D17-3,D17) -> 49 | M17: =(_xlfn.XLOOKUP(L17,'DGI TABLE'!$A$2:$A$91,'DGI TABLE'!$G$2:$G$91)-_xlfn.XLOOKUP(L17+F17,'DGI TABLE'!$A$2:$A$91,'DGI TABLE'!$G$2:$G$91)+_xlfn.XLOOKUP(L17+F17,'DGI TABLE'!$A$2:$A$91,'DGI TABLE'!$C$2:$C$91))/_xlfn.XLOOKUP(L17,'DGI TABLE'!$A$2:$A$91,'DGI TABLE'!$C$2:$C$91) -> 0.5792917 | N17: =(_xlfn.XLOOKUP(L17,'DGI TABLE'!$A$2:$A$91,'DGI TABLE'!$D$2:$D$91)-_xlfn.XLOOKUP(L17+H17,'DGI TABLE'!$A$2:$A$91,'DGI TABLE'!$D$2:$D$91))/_xlfn.XLOOKUP(L17,'DGI TABLE'!$A$2:$A$91,'DGI TABLE'!$C$2:$C$91) -> 8.1683885 | O17: =M17/N17 -> 0.070918725 | P17: =(_xlfn.XLOOKUP(L17+1,'DGI TABLE'!$A$2:$A$91,'DGI TABLE'!$G$2:$G$91)-_xlfn.XLOOKUP(L17+F17,'DGI TABLE'!$A$2:$A$91,'DGI TABLE'!$G$2:$G$91))/_xlfn.XLOOKUP(L17+1,'DGI TABLE'!$A$2:$A$91,'DGI TABLE'!$C$2:$C$91) -> 0.11214937 | Q17: =(_xlfn.XLOOKUP(L17+1,'DGI TABLE'!$A$2:$A$91,'DGI TABLE'!$D$2:$D$91)-_xlfn.XLOOKUP(L17+H17,'DGI TABLE'!$A$2:$A$91,'DGI TABLE'!$D$2:$D$91))/_xlfn.XLOOKUP(L17+1,'DGI TABLE'!$A$2:$A$91,'DGI TABLE'!$C$2:$C$91) -> 7.5003516 | R17: =_xlfn.XLOOKUP(L17,'DGI TABLE'!$A$2:$A$91,'DGI TABLE'!$F$2:$F$91)/_xlfn.XLOOKUP(L17,'DGI TABLE'!$A$2:$A$91,'DGI TABLE'!$C$2:$C$91) -> 0.0057980762 | S17: =P17/Q17 -> 0.014952549 | T17: =O17+0.03/N17 -> 0.07459142 | U17: =MIN(S17,T17) -> 0.014952549 | V17: =(_xlfn.XLOOKUP(L17+K17,'DGI TABLE'!$A$2:$A$91,'DGI TABLE'!$G$2:$G$91)-_xlfn.XLOOKUP(L17+F17,'DGI TABLE'!$A$2:$A$91,'DGI TABLE'!$G$2:$G$91))/_xlfn.XLOOKUP(L17+K17,'DGI TABLE'!$A$2:$A$91,'DGI TABLE'!$C$2:$C$91) -> 0.10606003 | W17: =(_xlfn.XLOOKUP(L17+K17,'DGI TABLE'!$A$2:$A$91,'DGI TABLE'!$D$2:$D$91)-_xlfn.XLOOKUP(L17+H17,'DGI TABLE'!$A$2:$A$91,'DGI TABLE'!$D$2:$D$91))/_xlfn.XLOOKUP(L17+K17,'DGI TABLE'!$A$2:$A$91,'DGI TABLE'!$C$2:$C$91) -> 5.3266722 | X17: =G17*((((1+J17)^(K17-1))*V17)-(U17*W17)) -> 2587.8248
A18: 17 | B18: MUHAMMAD IKRAM BIN MUSTAFA | C18: M | D18: 59 | E18: EPC | F18: 10 | G18: 75000 | H18: 5 | I18: CRB | J18: 0.05 | K18: 8 | L18: =IF(C18="F",D18-3,D18) -> 59 | M18: =(_xlfn.XLOOKUP(L18,'DGI TABLE'!$A$2:$A$91,'DGI TABLE'!$G$2:$G$91)-_xlfn.XLOOKUP(L18+F18,'DGI TABLE'!$A$2:$A$91,'DGI TABLE'!$G$2:$G$91)+_xlfn.XLOOKUP(L18+F18,'DGI TABLE'!$A$2:$A$91,'DGI TABLE'!$C$2:$C$91))/_xlfn.XLOOKUP(L18,'DGI TABLE'!$A$2:$A$91,'DGI TABLE'!$C$2:$C$91) -> 0.69785898 | N18: =(_xlfn.XLOOKUP(L18,'DGI TABLE'!$A$2:$A$91,'DGI TABLE'!$D$2:$D$91)-_xlfn.XLOOKUP(L18+H18,'DGI TABLE'!$A$2:$A$91,'DGI TABLE'!$D$2:$D$91))/_xlfn.XLOOKUP(L18,'DGI TABLE'!$A$2:$A$91,'DGI TABLE'!$C$2:$C$91) -> 4.4995601 | O18: =M18/N18 -> 0.15509494 | P18: =(_xlfn.XLOOKUP(L18+1,'DGI TABLE'!$A$2:$A$91,'DGI TABLE'!$G$2:$G$91)-_xlfn.XLOOKUP(L18+F18,'DGI TABLE'!$A$2:$A$91,'DGI TABLE'!$G$2:$G$91))/_xlfn.XLOOKUP(L18+1,'DGI TABLE'!$A$2:$A$91,'DGI TABLE'!$C$2:$C$91) -> 0.1443595 | Q18: =(_xlfn.XLOOKUP(L18+1,'DGI TABLE'!$A$2:$A$91,'DGI TABLE'!$D$2:$D$91)-_xlfn.XLOOKUP(L18+H18,'DGI TABLE'!$A$2:$A$91,'DGI TABLE'!$D$2:$D$91))/_xlfn.XLOOKUP(L18+1,'DGI TABLE'!$A$2:$A$91,'DGI TABLE'!$C$2:$C$91) -> 3.6905082 | R18: =_xlfn.XLOOKUP(L18,'DGI TABLE'!$A$2:$A$91,'DGI TABLE'!$F$2:$F$91)/_xlfn.XLOOKUP(L18,'DGI TABLE'!$A$2:$A$91,'DGI TABLE'!$C$2:$C$91) -> 0.013278843 | S18: =P18/Q18 -> 0.039116429 | T18: =O18+0.03/N18 -> 0.16176225 | U18: =MIN(S18,T18) -> 0.039116429 | V18: =(_xlfn.XLOOKUP(L18+K18,'DGI TABLE'!$A$2:$A$91,'DGI TABLE'!$G$2:$G$91)-_xlfn.XLOOKUP(L18+F18,'DGI TABLE'!$A$2:$A$91,'DGI TABLE'!$G$2:$G$91))/_xlfn.XLOOKUP(L18+K18,'DGI TABLE'!$A$2:$A$91,'DGI TABLE'!$C$2:$C$91) -> 0.05363375 | W18: =(_xlfn.XLOOKUP(L18+K18,'DGI TABLE'!$A$2:$A$91,'DGI TABLE'!$D$2:$D$91)-_xlfn.XLOOKUP(L18+H18,'DGI TABLE'!$A$2:$A$91,'DGI TABLE'!$D$2:$D$91))/_xlfn.XLOOKUP(L18+K18,'DGI TABLE'!$A$2:$A$91,'DGI TABLE'!$C$2:$C$91) -> -3.4079893 | X18: =G18*((((1+J18)^(K18-1))*V18)-(U18*W18)) -> 15658.233
A19: 18 | B19: SITI NUR AMIRAH BINTI RAZAK | C19: F | D19: 44 | E19: EPC | F19: 5 | G19: 50000 | H19: 3 | I19: CRB | J19: 0.05 | K19: 2 | L19: =IF(C19="F",D19-3,D19) -> 41 | M19: =(_xlfn.XLOOKUP(L19,'DGI TABLE'!$A$2:$A$91,'DGI TABLE'!$G$2:$G$91)-_xlfn.XLOOKUP(L19+F19,'DGI TABLE'!$A$2:$A$91,'DGI TABLE'!$G$2:$G$91)+_xlfn.XLOOKUP(L19+F19,'DGI TABLE'!$A$2:$A$91,'DGI TABLE'!$C$2:$C$91))/_xlfn.XLOOKUP(L19,'DGI TABLE'!$A$2:$A$91,'DGI TABLE'!$C$2:$C$91) -> 0.82301991 | N19: =(_xlfn.XLOOKUP(L19,'DGI TABLE'!$A$2:$A$91,'DGI TABLE'!$D$2:$D$91)-_xlfn.XLOOKUP(L19+H19,'DGI TABLE'!$A$2:$A$91,'DGI TABLE'!$D$2:$D$91))/_xlfn.XLOOKUP(L19,'DGI TABLE'!$A$2:$A$91,'DGI TABLE'!$C$2:$C$91) -> 2.8776277 | O19: =M19/N19 -> 0.28600639 | P19: =(_xlfn.XLOOKUP(L19+1,'DGI TABLE'!$A$2:$A$91,'DGI TABLE'!$G$2:$G$91)-_xlfn.XLOOKUP(L19+F19,'DGI TABLE'!$A$2:$A$91,'DGI TABLE'!$G$2:$G$91))/_xlfn.XLOOKUP(L19+1,'DGI TABLE'!$A$2:$A$91,'DGI TABLE'!$C$2:$C$91) -> 0.013209982 | Q19: =(_xlfn.XLOOKUP(L19+1,'DGI TABLE'!$A$2:$A$91,'DGI TABLE'!$D$2:$D$91)-_xlfn.XLOOKUP(L19+H19,'DGI TABLE'!$A$2:$A$91,'DGI TABLE'!$D$2:$D$91))/_xlfn.XLOOKUP(L19+1,'DGI TABLE'!$A$2:$A$91,'DGI TABLE'!$C$2:$C$91) -> 1.9584711 | R19: =_xlfn.XLOOKUP(L19,'DGI TABLE'!$A$2:$A$91,'DGI TABLE'!$F$2:$F$91)/_xlfn.XLOOKUP(L19,'DGI TABLE'!$A$2:$A$91,'DGI TABLE'!$C$2:$C$91) -> 0.0028173098 | S19: =P19/Q19 -> 0.006745048 | T19: =O19+0.03/N19 -> 0.29643165 | U19: =MIN(S19,T19) -> 0.006745048 | V19: =(_xlfn.XLOOKUP(L19+K19,'DGI TABLE'!$A$2:$A$91,'DGI TABLE'!$G$2:$G$91)-_xlfn.XLOOKUP(L19+F19,'DGI TABLE'!$A$2:$A$91,'DGI TABLE'!$G$2:$G$91))/_xlfn.XLOOKUP(L19+K19,'DGI TABLE'!$A$2:$A$91,'DGI TABLE'!$C$2:$C$91) -> 0.010582141 | W19: =(_xlfn.XLOOKUP(L19+K19,'DGI TABLE'!$A$2:$A$91,'DGI TABLE'!$D$2:$D$91)-_xlfn.XLOOKUP(L19+H19,'DGI TABLE'!$A$2:$A$91,'DGI TABLE'!$D$2:$D$91))/_xlfn.XLOOKUP(L19+K19,'DGI TABLE'!$A$2:$A$91,'DGI TABLE'!$C$2:$C$91) -> 1 | X19: =G19*((((1+J19)^(K19-1))*V19)-(U19*W19)) -> 218.30998
A20: 19 | B20: MUHAMMAD DANIAL BIN ZAKI | C20: M | D20: 51 | E20: EPC | F20: 15 | G20: 125000 | H20: 10 | I20: CRB | J20: 0.05 | K20: 5 | L20: =IF(C20="F",D20-3,D20) -> 51 | M20: =(_xlfn.XLOOKUP(L20,'DGI TABLE'!$A$2:$A$91,'DGI TABLE'!$G$2:$G$91)-_xlfn.XLOOKUP(L20+F20,'DGI TABLE'!$A$2:$A$91,'DGI TABLE'!$G$2:$G$91)+_xlfn.XLOOKUP(L20+F20,'DGI TABLE'!$A$2:$A$91,'DGI TABLE'!$C$2:$C$91))/_xlfn.XLOOKUP(L20,'DGI TABLE'!$A$2:$A$91,'DGI TABLE'!$C$2:$C$91) -> 0.58341386 | N20: =(_xlfn.XLOOKUP(L20,'DGI TABLE'!$A$2:$A$91,'DGI TABLE'!$D$2:$D$91)-_xlfn.XLOOKUP(L20+H20,'DGI TABLE'!$A$2:$A$91,'DGI TABLE'!$D$2:$D$91))/_xlfn.XLOOKUP(L20,'DGI TABLE'!$A$2:$A$91,'DGI TABLE'!$C$2:$C$91) -> 8.1190822 | O20: =M20/N20 -> 0.07185712 | P20: =(_xlfn.XLOOKUP(L20+1,'DGI TABLE'!$A$2:$A$91,'DGI TABLE'!$G$2:$G$91)-_xlfn.XLOOKUP(L20+F20,'DGI TABLE'!$A$2:$A$91,'DGI TABLE'!$G$2:$G$91))/_xlfn.XLOOKUP(L20+1,'DGI TABLE'!$A$2:$A$91,'DGI TABLE'!$C$2:$C$91) -> 0.13056686 | Q20: =(_xlfn.XLOOKUP(L20+1,'DGI TABLE'!$A$2:$A$91,'DGI TABLE'!$D$2:$D$91)-_xlfn.XLOOKUP(L20+H20,'DGI TABLE'!$A$2:$A$91,'DGI TABLE'!$D$2:$D$91))/_xlfn.XLOOKUP(L20+1,'DGI TABLE'!$A$2:$A$91,'DGI TABLE'!$C$2:$C$91) -> 7.4576145 | R20: =_xlfn.XLOOKUP(L20,'DGI TABLE'!$A$2:$A$91,'DGI TABLE'!$F$2:$F$91)/_xlfn.XLOOKUP(L20,'DGI TABLE'!$A$2:$A$91,'DGI TABLE'!$C$2:$C$91) -> 0.0069326961 | S20: =P20/Q20 -> 0.017507859 | T20: =O20+0.03/N20 -> 0.075552119 | U20: =MIN(S20,T20) -> 0.017507859 | V20: =(_xlfn.XLOOKUP(L20+K20,'DGI TABLE'!$A$2:$A$91,'DGI TABLE'!$G$2:$G$91)-_xlfn.XLOOKUP(L20+F20,'DGI TABLE'!$A$2:$A$91,'DGI TABLE'!$G$2:$G$91))/_xlfn.XLOOKUP(L20+K20,'DGI TABLE'!$A$2:$A$91,'DGI TABLE'!$C$2:$C$91) -> 0.1190967 | W20: =(_xlfn.XLOOKUP(L20+K20,'DGI TABLE'!$A$2:$A$91,'DGI TABLE'!$D$2:$D$91)-_xlfn.XLOOKUP(L20+H20,'DGI TABLE'!$A$2:$A$91,'DGI TABLE'!$D$2:$D$91))/_xlfn.XLOOKUP(L20+K20,'DGI TABLE'!$A$2:$A$91,'DGI TABLE'!$C$2:$C$91) -> 4.5238022 | X20: =G20*((((1+J20)^(K20-1))*V20)-(U20*W20)) -> 8195.0865
A21: 20 | B21: SITI NURFARHANA BINTI YAHYA | C21: F | D21: 24 | E21: EPC | F21: 20 | G21: 125000 | H21: 10 | I21: CRB | J21: 0.05 | K21: 2 | L21: =IF(C21="F",D21-3,D21) -> 21 | M21: =(_xlfn.XLOOKUP(L21,'DGI TABLE'!$A$2:$A$91,'DGI TABLE'!$G$2:$G$91)-_xlfn.XLOOKUP(L21+F21,'DGI TABLE'!$A$2:$A$91,'DGI TABLE'!$G$2:$G$91)+_xlfn.XLOOKUP(L21+F21,'DGI TABLE'!$A$2:$A$91,'DGI TABLE'!$C$2:$C$91))/_xlfn.XLOOKUP(L21,'DGI TABLE'!$A$2:$A$91,'DGI TABLE'!$C$2:$C$91) -> 0.46525784 | N21: =(_xlfn.XLOOKUP(L21,'DGI TABLE'!$A$2:$A$91,'DGI TABLE'!$D$2:$D$91)-_xlfn.XLOOKUP(L21+H21,'DGI TABLE'!$A$2:$A$91,'DGI TABLE'!$D$2:$D$91))/_xlfn.XLOOKUP(L21,'DGI TABLE'!$A$2:$A$91,'DGI TABLE'!$C$2:$C$91) -> 8.3623767 | O21: =M21/N21 -> 0.055637034 | P21: =(_xlfn.XLOOKUP(L21+1,'DGI TABLE'!$A$2:$A$91,'DGI TABLE'!$G$2:$G$91)-_xlfn.XLOOKUP(L21+F21,'DGI TABLE'!$A$2:$A$91,'DGI TABLE'!$G$2:$G$91))/_xlfn.XLOOKUP(L21+1,'DGI TABLE'!$A$2:$A$91,'DGI TABLE'!$C$2:$C$91) -> 0.026465628 | Q21: =(_xlfn.XLOOKUP(L21+1,'DGI TABLE'!$A$2:$A$91,'DGI TABLE'!$D$2:$D$91)-_xlfn.XLOOKUP(L21+H21,'DGI TABLE'!$A$2:$A$91,'DGI TABLE'!$D$2:$D$91))/_xlfn.XLOOKUP(L21+1,'DGI TABLE'!$A$2:$A$91,'DGI TABLE'!$C$2:$C$91) -> 7.6727543 | R21: =_xlfn.XLOOKUP(L21,'DGI TABLE'!$A$2:$A$91,'DGI TABLE'!$F$2:$F$91)/_xlfn.XLOOKUP(L21,'DGI TABLE'!$A$2:$A$91,'DGI TABLE'!$C$2:$C$91) -> 0.0019903856 | S21: =P21/Q21 -> 0.0034492996 | T21: =O21+0.03/N21 -> 0.059224531 | U21: =MIN(S21,T21) -> 0.0034492996 | V21: =(_xlfn.XLOOKUP(L21+K21,'DGI TABLE'!$A$2:$A$91,'DGI TABLE'!$G$2:$G$91)-_xlfn.XLOOKUP(L21+F21,'DGI TABLE'!$A$2:$A$91,'DGI TABLE'!$G$2:$G$91))/_xlfn.XLOOKUP(L21+K21,'DGI TABLE'!$A$2:$A$91,'DGI TABLE'!$C$2:$C$91) -> 0.025389858 | W21: =(_xlfn.XLOOKUP(L21+K21,'DGI TABLE'!$A$2:$A$91,'DGI TABLE'!$D$2:$D$91)-_xlfn.XLOOKUP(L21+H21,'DGI TABLE'!$A$2:$A$91,'DGI TABLE'!$D$2:$D$91))/_xlfn.XLOOKUP(L21+K21,'DGI TABLE'!$A$2:$A$91,'DGI TABLE'!$C$2:$C$91) -> 6.9548957 | X21: =G21*((((1+J21)^(K21-1))*V21)-(U21*W21)) -> 333.72901
A22: 21 | B22: NUR ADIBAH BINTI FAIZAL | C22: F | D22: 46 | E22: EPC | F22: 5 | G22: 125000 | H22: 3 | I22: CRB | J22: 0.05 | K22: 2 | L22: =IF(C22="F",D22-3,D22) -> 43 | M22: =(_xlfn.XLOOKUP(L22,'DGI TABLE'!$A$2:$A$91,'DGI TABLE'!$G$2:$G$91)-_xlfn.XLOOKUP(L22+F22,'DGI TABLE'!$A$2:$A$91,'DGI TABLE'!$G$2:$G$91)+_xlfn.XLOOKUP(L22+F22,'DGI TABLE'!$A$2:$A$91,'DGI TABLE'!$C$2:$C$91))/_xlfn.XLOOKUP(L22,'DGI TABLE'!$A$2:$A$91,'DGI TABLE'!$C$2:$C$91) -> 0.82323455 | N22: =(_xlfn.XLOOKUP(L22,'DGI TABLE'!$A$2:$A$91,'DGI TABLE'!$D$2:$D$91)-_xlfn.XLOOKUP(L22+H22,'DGI TABLE'!$A$2:$A$91,'DGI TABLE'!$D$2:$D$91))/_xlfn.XLOOKUP(L22,'DGI TABLE'!$A$2:$A$91,'DGI TABLE'!$C$2:$C$91) -> 2.8759836 | O22: =M22/N22 -> 0.28624452 | P22: =(_xlfn.XLOOKUP(L22+1,'DGI TABLE'!$A$2:$A$91,'DGI TABLE'!$G$2:$G$91)-_xlfn.XLOOKUP(L22+F22,'DGI TABLE'!$A$2:$A$91,'DGI TABLE'!$G$2:$G$91))/_xlfn.XLOOKUP(L22+1,'DGI TABLE'!$A$2:$A$91,'DGI TABLE'!$C$2:$C$91) -> 0.015860907 | Q22: =(_xlfn.XLOOKUP(L22+1,'DGI TABLE'!$A$2:$A$91,'DGI TABLE'!$D$2:$D$91)-_xlfn.XLOOKUP(L22+H22,'DGI TABLE'!$A$2:$A$91,'DGI TABLE'!$D$2:$D$91))/_xlfn.XLOOKUP(L22+1,'DGI TABLE'!$A$2:$A$91,'DGI TABLE'!$C$2:$C$91) -> 1.9578558 | R22: =_xlfn.XLOOKUP(L22,'DGI TABLE'!$A$2:$A$91,'DGI TABLE'!$F$2:$F$91)/_xlfn.XLOOKUP(L22,'DGI TABLE'!$A$2:$A$91,'DGI TABLE'!$C$2:$C$91) -> 0.0033557667 | S22: =P22/Q22 -> 0.0081011621 | T22: =O22+0.03/N22 -> 0.29667574 | U22: =MIN(S22,T22) -> 0.0081011621 | V22: =(_xlfn.XLOOKUP(L22+K22,'DGI TABLE'!$A$2:$A$91,'DGI TABLE'!$G$2:$G$91)-_xlfn.XLOOKUP(L22+F22,'DGI TABLE'!$A$2:$A$91,'DGI TABLE'!$G$2:$G$91))/_xlfn.XLOOKUP(L22+K22,'DGI TABLE'!$A$2:$A$91,'DGI TABLE'!$C$2:$C$91) -> 0.012714042 | W22: =(_xlfn.XLOOKUP(L22+K22,'DGI TABLE'!$A$2:$A$91,'DGI TABLE'!$D$2:$D$91)-_xlfn.XLOOKUP(L22+H22,'DGI TABLE'!$A$2:$A$91,'DGI TABLE'!$D$2:$D$91))/_xlfn.XLOOKUP(L22+K22,'DGI TABLE'!$A$2:$A$91,'DGI TABLE'!$C$2:$C$91) -> 1 | X22: =G22*((((1+J22)^(K22-1))*V22)-(U22*W22)) -> 656.0728
A23: 22 | B23: MUHAMMAD AIZAT BIN RAHMAN | C23: M | D23: 23 | E23: EPC | F23: 25 | G23: 100000 | H23: 20 | I23: CRB | J23: 0.05 | K23: 8 | L23: =IF(C23="F",D23-3,D23) -> 23 | M23: =(_xlfn.XLOOKUP(L23,'DGI TABLE'!$A$2:$A$91,'DGI TABLE'!$G$2:$G$91)-_xlfn.XLOOKUP(L23+F23,'DGI TABLE'!$A$2:$A$91,'DGI TABLE'!$G$2:$G$91)+_xlfn.XLOOKUP(L23+F23,'DGI TABLE'!$A$2:$A$91,'DGI TABLE'!$C$2:$C$91))/_xlfn.XLOOKUP(L23,'DGI TABLE'!$A$2:$A$91,'DGI TABLE'!$C$2:$C$91) -> 0.3879286 | N23: =(_xlfn.XLOOKUP(L23,'DGI TABLE'!$A$2:$A$91,'DGI TABLE'!$D$2:$D$91)-_xlfn.XLOOKUP(L23+H23,'DGI TABLE'!$A$2:$A$91,'DGI TABLE'!$D$2:$D$91))/_xlfn.XLOOKUP(L23,'DGI TABLE'!$A$2:$A$91,'DGI TABLE'!$C$2:$C$91) -> 13.905187 | O23: =M23/N23 -> 0.027898121 | P23: =(_xlfn.XLOOKUP(L23+1,'DGI TABLE'!$A$2:$A$91,'DGI TABLE'!$G$2:$G$91)-_xlfn.XLOOKUP(L23+F23,'DGI TABLE'!$A$2:$A$91,'DGI TABLE'!$G$2:$G$91))/_xlfn.XLOOKUP(L23+1,'DGI TABLE'!$A$2:$A$91,'DGI TABLE'!$C$2:$C$91) -> 0.035584483 | Q23: =(_xlfn.XLOOKUP(L23+1,'DGI TABLE'!$A$2:$A$91,'DGI TABLE'!$D$2:$D$91)-_xlfn.XLOOKUP(L23+H23,'DGI TABLE'!$A$2:$A$91,'DGI TABLE'!$D$2:$D$91))/_xlfn.XLOOKUP(L23+1,'DGI TABLE'!$A$2:$A$91,'DGI TABLE'!$C$2:$C$91) -> 13.450717 | R23: =_xlfn.XLOOKUP(L23,'DGI TABLE'!$A$2:$A$91,'DGI TABLE'!$F$2:$F$91)/_xlfn.XLOOKUP(L23,'DGI TABLE'!$A$2:$A$91,'DGI TABLE'!$C$2:$C$91) -> 0.0020961534 | S23: =P23/Q23 -> 0.0026455453 | T23: =O23+0.03/N23 -> 0.030055589 | U23: =MIN(S23,T23) -> 0.0026455453 | V23: =(_xlfn.XLOOKUP(L23+K23,'DGI TABLE'!$A$2:$A$91,'DGI TABLE'!$G$2:$G$91)-_xlfn.XLOOKUP(L23+F23,'DGI TABLE'!$A$2:$A$91,'DGI TABLE'!$G$2:$G$91))/_xlfn.XLOOKUP(L23+K23,'DGI TABLE'!$A$2:$A$91,'DGI TABLE'!$C$2:$C$91) -> 0.032017669 | W23: =(_xlfn.XLOOKUP(L23+K23,'DGI TABLE'!$A$2:$A$91,'DGI TABLE'!$D$2:$D$91)-_xlfn.XLOOKUP(L23+H23,'DGI TABLE'!$A$2:$A$91,'DGI TABLE'!$D$2:$D$91))/_xlfn.XLOOKUP(L23+K23,'DGI TABLE'!$A$2:$A$91,'DGI TABLE'!$C$2:$C$91) -> 9.6626199 | X23: =G23*((((1+J23)^(K23-1))*V23)-(U23*W23)) -> 1948.9176
A24: 23 | B24: SITI HANNAN BINTI AZHAR | C24: F | D24: 29 | E24: EPC | F24: 10 | G24: 200000 | H24: 5 | I24: CRB | J24: 0.05 | K24: 5 | L24: =IF(C24="F",D24-3,D24) -> 26 | M24: =(_xlfn.XLOOKUP(L24,'DGI TABLE'!$A$2:$A$91,'DGI TABLE'!$G$2:$G$91)-_xlfn.XLOOKUP(L24+F24,'DGI TABLE'!$A$2:$A$91,'DGI TABLE'!$G$2:$G$91)+_xlfn.XLOOKUP(L24+F24,'DGI TABLE'!$A$2:$A$91,'DGI TABLE'!$C$2:$C$91))/_xlfn.XLOOKUP(L24,'DGI TABLE'!$A$2:$A$91,'DGI TABLE'!$C$2:$C$91) -> 0.67809058 | N24: =(_xlfn.XLOOKUP(L24,'DGI TABLE'!$A$2:$A$91,'DGI TABLE'!$D$2:$D$91)-_xlfn.XLOOKUP(L24+H24,'DGI TABLE'!$A$2:$A$91,'DGI TABLE'!$D$2:$D$91))/_xlfn.XLOOKUP(L24,'DGI TABLE'!$A$2:$A$91,'DGI TABLE'!$C$2:$C$91) -> 4.6128 | O24: =M24/N24 -> 0.14700195 | P24: =(_xlfn.XLOOKUP(L24+1,'DGI TABLE'!$A$2:$A$91,'DGI TABLE'!$G$2:$G$91)-_xlfn.XLOOKUP(L24+F24,'DGI TABLE'!$A$2:$A$91,'DGI TABLE'!$G$2:$G$91))/_xlfn.XLOOKUP(L24+1,'DGI TABLE'!$A$2:$A$91,'DGI TABLE'!$C$2:$C$91) -> 0.013723732 | Q24: =(_xlfn.XLOOKUP(L24+1,'DGI TABLE'!$A$2:$A$91,'DGI TABLE'!$D$2:$D$91)-_xlfn.XLOOKUP(L24+H24,'DGI TABLE'!$A$2:$A$91,'DGI TABLE'!$D$2:$D$91))/_xlfn.XLOOKUP(L24+1,'DGI TABLE'!$A$2:$A$91,'DGI TABLE'!$C$2:$C$91) -> 3.7647662 | R24: =_xlfn.XLOOKUP(L24,'DGI TABLE'!$A$2:$A$91,'DGI TABLE'!$F$2:$F$91)/_xlfn.XLOOKUP(L24,'DGI TABLE'!$A$2:$A$91,'DGI TABLE'!$C$2:$C$91) -> 0.0019038475 | S24: =P24/Q24 -> 0.003645308 | T24: =O24+0.03/N24 -> 0.15350559 | U24: =MIN(S24,T24) -> 0.003645308 | V24: =(_xlfn.XLOOKUP(L24+K24,'DGI TABLE'!$A$2:$A$91,'DGI TABLE'!$G$2:$G$91)-_xlfn.XLOOKUP(L24+F24,'DGI TABLE'!$A$2:$A$91,'DGI TABLE'!$G$2:$G$91))/_xlfn.XLOOKUP(L24+K24,'DGI TABLE'!$A$2:$A$91,'DGI TABLE'!$C$2:$C$91) -> 0.0082817472 | W24: =(_xlfn.XLOOKUP(L24+K24,'DGI TABLE'!$A$2:$A$91,'DGI TABLE'!$D$2:$D$91)-_xlfn.XLOOKUP(L24+H24,'DGI TABLE'!$A$2:$A$91,'DGI TABLE'!$D$2:$D$91))/_xlfn.XLOOKUP(L24+K24,'DGI TABLE'!$A$2:$A$91,'DGI TABLE'!$C$2:$C$91) -> 0 | X24: =G24*((((1+J24)^(K24-1))*V24)-(U24*W24)) -> 2013.3031
A25: 24 | B25: AHMAD ZIKRI BIN ISMAIL | C25: M | D25: 25 | E25: EPC | F25: 10 | G25: 180000 | H25: 5 | I25: CRB | J25: 0.05 | K25: 3 | L25: =IF(C25="F",D25-3,D25) -> 25 | M25: =(_xlfn.XLOOKUP(L25,'DGI TABLE'!$A$2:$A$91,'DGI TABLE'!$G$2:$G$91)-_xlfn.XLOOKUP(L25+F25,'DGI TABLE'!$A$2:$A$91,'DGI TABLE'!$G$2:$G$91)+_xlfn.XLOOKUP(L25+F25,'DGI TABLE'!$A$2:$A$91,'DGI TABLE'!$C$2:$C$91))/_xlfn.XLOOKUP(L25,'DGI TABLE'!$A$2:$A$91,'DGI TABLE'!$C$2:$C$91) -> 0.67814175 | N25: =(_xlfn.XLOOKUP(L25,'DGI TABLE'!$A$2:$A$91,'DGI TABLE'!$D$2:$D$91)-_xlfn.XLOOKUP(L25+H25,'DGI TABLE'!$A$2:$A$91,'DGI TABLE'!$D$2:$D$91))/_xlfn.XLOOKUP(L25,'DGI TABLE'!$A$2:$A$91,'DGI TABLE'!$C$2:$C$91) -> 4.6122941 | O25: =M25/N25 -> 0.14702917 | P25: =(_xlfn.XLOOKUP(L25+1,'DGI TABLE'!$A$2:$A$91,'DGI TABLE'!$G$2:$G$91)-_xlfn.XLOOKUP(L25+F25,'DGI TABLE'!$A$2:$A$91,'DGI TABLE'!$G$2:$G$91))/_xlfn.XLOOKUP(L25+1,'DGI TABLE'!$A$2:$A$91,'DGI TABLE'!$C$2:$C$91) -> 0.013731612 | Q25: =(_xlfn.XLOOKUP(L25+1,'DGI TABLE'!$A$2:$A$91,'DGI TABLE'!$D$2:$D$91)-_xlfn.XLOOKUP(L25+H25,'DGI TABLE'!$A$2:$A$91,'DGI TABLE'!$D$2:$D$91))/_xlfn.XLOOKUP(L25+1,'DGI TABLE'!$A$2:$A$91,'DGI TABLE'!$C$2:$C$91) -> 3.7644653 | R25: =_xlfn.XLOOKUP(L25,'DGI TABLE'!$A$2:$A$91,'DGI TABLE'!$F$2:$F$91)/_xlfn.XLOOKUP(L25,'DGI TABLE'!$A$2:$A$91,'DGI TABLE'!$C$2:$C$91) -> 0.0019615398 | S25: =P25/Q25 -> 0.0036476925 | T25: =O25+0.03/N25 -> 0.15353352 | U25: =MIN(S25,T25) -> 0.0036476925 | V25: =(_xlfn.XLOOKUP(L25+K25,'DGI TABLE'!$A$2:$A$91,'DGI TABLE'!$G$2:$G$91)-_xlfn.XLOOKUP(L25+F25,'DGI TABLE'!$A$2:$A$91,'DGI TABLE'!$G$2:$G$91))/_xlfn.XLOOKUP(L25+K25,'DGI TABLE'!$A$2:$A$91,'DGI TABLE'!$C$2:$C$91) -> 0.010919257 | W25: =(_xlfn.XLOOKUP(L25+K25,'DGI TABLE'!$A$2:$A$91,'DGI TABLE'!$D$2:$D$91)-_xlfn.XLOOKUP(L25+H25,'DGI TABLE'!$A$2:$A$91,'DGI TABLE'!$D$2:$D$91))/_xlfn.XLOOKUP(L25+K25,'DGI TABLE'!$A$2:$A$91,'DGI TABLE'!$C$2:$C$91) -> 1.9597404 | X25: =G25*((((1+J25)^(K25-1))*V25)-(U25*W25)) -> 880.19113
A26: 25 | B26: NURUL AIN BINTI NASIR | C26: F | D26: 58 | E26: EPC | F26: 20 | G26: 60000 | H26: 15 | I26: CRB | J26: 0.05 | K26: 3 | L26: =IF(C26="F",D26-3,D26) -> 55 | M26: =(_xlfn.XLOOKUP(L26,'DGI TABLE'!$A$2:$A$91,'DGI TABLE'!$G$2:$G$91)-_xlfn.XLOOKUP(L26+F26,'DGI TABLE'!$A$2:$A$91,'DGI TABLE'!$G$2:$G$91)+_xlfn.XLOOKUP(L26+F26,'DGI TABLE'!$A$2:$A$91,'DGI TABLE'!$C$2:$C$91))/_xlfn.XLOOKUP(L26,'DGI TABLE'!$A$2:$A$91,'DGI TABLE'!$C$2:$C$91) -> 0.52491528 | N26: =(_xlfn.XLOOKUP(L26,'DGI TABLE'!$A$2:$A$91,'DGI TABLE'!$D$2:$D$91)-_xlfn.XLOOKUP(L26+H26,'DGI TABLE'!$A$2:$A$91,'DGI TABLE'!$D$2:$D$91))/_xlfn.XLOOKUP(L26,'DGI TABLE'!$A$2:$A$91,'DGI TABLE'!$C$2:$C$91) -> 10.570036 | O26: =M26/N26 -> 0.049660689 | P26: =(_xlfn.XLOOKUP(L26+1,'DGI TABLE'!$A$2:$A$91,'DGI TABLE'!$G$2:$G$91)-_xlfn.XLOOKUP(L26+F26,'DGI TABLE'!$A$2:$A$91,'DGI TABLE'!$G$2:$G$91))/_xlfn.XLOOKUP(L26+1,'DGI TABLE'!$A$2:$A$91,'DGI TABLE'!$C$2:$C$91) -> 0.25435171 | Q26: =(_xlfn.XLOOKUP(L26+1,'DGI TABLE'!$A$2:$A$91,'DGI TABLE'!$D$2:$D$91)-_xlfn.XLOOKUP(L26+H26,'DGI TABLE'!$A$2:$A$91,'DGI TABLE'!$D$2:$D$91))/_xlfn.XLOOKUP(L26+1,'DGI TABLE'!$A$2:$A$91,'DGI TABLE'!$C$2:$C$91) -> 10.056723 | R26: =_xlfn.XLOOKUP(L26,'DGI TABLE'!$A$2:$A$91,'DGI TABLE'!$F$2:$F$91)/_xlfn.XLOOKUP(L26,'DGI TABLE'!$A$2:$A$91,'DGI TABLE'!$C$2:$C$91) -> 0.0099326913 | S26: =P26/Q26 -> 0.025291708 | T26: =O26+0.03/N26 -> 0.052498901 | U26: =MIN(S26,T26) -> 0.025291708 | V26: =(_xlfn.XLOOKUP(L26+K26,'DGI TABLE'!$A$2:$A$91,'DGI TABLE'!$G$2:$G$91)-_xlfn.XLOOKUP(L26+F26,'DGI TABLE'!$A$2:$A$91,'DGI TABLE'!$G$2:$G$91))/_xlfn.XLOOKUP(L26+K26,'DGI TABLE'!$A$2:$A$91,'DGI TABLE'!$C$2:$C$91) -> 0.25744238 | W26: =(_xlfn.XLOOKUP(L26+K26,'DGI TABLE'!$A$2:$A$91,'DGI TABLE'!$D$2:$D$91)-_xlfn.XLOOKUP(L26+H26,'DGI TABLE'!$A$2:$A$91,'DGI TABLE'!$D$2:$D$91))/_xlfn.XLOOKUP(L26+K26,'DGI TABLE'!$A$2:$A$91,'DGI TABLE'!$C$2:$C$91) -> 8.9755114 | X26: =G26*((((1+J26)^(K26-1))*V26)-(U26*W26)) -> 3409.4524
A27: 26 | B27: NUR MAISARAH BINTI ZAINAL | C27: F | D27: 32 | E27: EPS | F27: 25 | G27: 150000 | H27: 15 | I27: SRB | J27: 0.05 | K27: 4 | L27: =IF(C27="F",D27-3,D27) -> 29 | M27: =(_xlfn.XLOOKUP(L27,'DGI TABLE'!$A$2:$A$91,'DGI TABLE'!$G$2:$G$91)-_xlfn.XLOOKUP(L27+F27,'DGI TABLE'!$A$2:$A$91,'DGI TABLE'!$G$2:$G$91)+_xlfn.XLOOKUP(L27+F27,'DGI TABLE'!$A$2:$A$91,'DGI TABLE'!$C$2:$C$91))/_xlfn.XLOOKUP(L27,'DGI TABLE'!$A$2:$A$91,'DGI TABLE'!$C$2:$C$91) -> 0.39025883 | N27: =(_xlfn.XLOOKUP(L27,'DGI TABLE'!$A$2:$A$91,'DGI TABLE'!$D$2:$D$91)-_xlfn.XLOOKUP(L27+H27,'DGI TABLE'!$A$2:$A$91,'DGI TABLE'!$D$2:$D$91))/_xlfn.XLOOKUP(L27,'DGI TABLE'!$A$2:$A$91,'DGI TABLE'!$C$2:$C$91) -> 11.421047 | O27: =M27/N27 -> 0.034170146 | P27: =(_xlfn.XLOOKUP(L27+1,'DGI TABLE'!$A$2:$A$91,'DGI TABLE'!$G$2:$G$91)-_xlfn.XLOOKUP(L27+F27,'DGI TABLE'!$A$2:$A$91,'DGI TABLE'!$G$2:$G$91))/_xlfn.XLOOKUP(L27+1,'DGI TABLE'!$A$2:$A$91,'DGI TABLE'!$C$2:$C$91) -> 0.049174905 | Q27: =(_xlfn.XLOOKUP(L27+1,'DGI TABLE'!$A$2:$A$91,'DGI TABLE'!$D$2:$D$91)-_xlfn.XLOOKUP(L27+H27,'DGI TABLE'!$A$2:$A$91,'DGI TABLE'!$D$2:$D$91))/_xlfn.XLOOKUP(L27+1,'DGI TABLE'!$A$2:$A$91,'DGI TABLE'!$C$2:$C$91) -> 10.857649 | R27: =_xlfn.XLOOKUP(L27,'DGI TABLE'!$A$2:$A$91,'DGI TABLE'!$F$2:$F$91)/_xlfn.XLOOKUP(L27,'DGI TABLE'!$A$2:$A$91,'DGI TABLE'!$C$2:$C$91) -> 0.0017500015 | S27: =P27/Q27 -> 0.0045290563 | T27: =O27+0.03/N27 -> 0.036796876 | U27: =MIN(S27,T27) -> 0.0045290563 | V27: =(_xlfn.XLOOKUP(L27+K27,'DGI TABLE'!$A$2:$A$91,'DGI TABLE'!$G$2:$G$91)-_xlfn.XLOOKUP(L27+F27,'DGI TABLE'!$A$2:$A$91,'DGI TABLE'!$G$2:$G$91))/_xlfn.XLOOKUP(L27+K27,'DGI TABLE'!$A$2:$A$91,'DGI TABLE'!$C$2:$C$91) -> 0.050035372 | W27: =(_xlfn.XLOOKUP(L27+K27,'DGI TABLE'!$A$2:$A$91,'DGI TABLE'!$D$2:$D$91)-_xlfn.XLOOKUP(L27+H27,'DGI TABLE'!$A$2:$A$91,'DGI TABLE'!$D$2:$D$91))/_xlfn.XLOOKUP(L27+K27,'DGI TABLE'!$A$2:$A$91,'DGI TABLE'!$C$2:$C$91) -> 9.0206132 | X27: =G27*(((1+J27*(K27-1))*V27)-(U27*W27)) -> 2502.8719
A28: 27 | B28: MUHAMMAD RAYYAN BIN HISHAM | C28: M | D28: 27 | E28: EPS | F28: 25 | G28: 50000 | H28: 20 | I28: SRB | J28: 0.05 | K28: 10 | L28: =IF(C28="F",D28-3,D28) -> 27 | M28: =(_xlfn.XLOOKUP(L28,'DGI TABLE'!$A$2:$A$91,'DGI TABLE'!$G$2:$G$91)-_xlfn.XLOOKUP(L28+F28,'DGI TABLE'!$A$2:$A$91,'DGI TABLE'!$G$2:$G$91)+_xlfn.XLOOKUP(L28+F28,'DGI TABLE'!$A$2:$A$91,'DGI TABLE'!$C$2:$C$91))/_xlfn.XLOOKUP(L28,'DGI TABLE'!$A$2:$A$91,'DGI TABLE'!$C$2:$C$91) -> 0.38900326 | N28: =(_xlfn.XLOOKUP(L28,'DGI TABLE'!$A$2:$A$91,'DGI TABLE'!$D$2:$D$91)-_xlfn.XLOOKUP(L28+H28,'DGI TABLE'!$A$2:$A$91,'DGI TABLE'!$D$2:$D$91))/_xlfn.XLOOKUP(L28,'DGI TABLE'!$A$2:$A$91,'DGI TABLE'!$C$2:$C$91) -> 13.899382 | O28: =M28/N28 -> 0.02798709 | P28: =(_xlfn.XLOOKUP(L28+1,'DGI TABLE'!$A$2:$A$91,'DGI TABLE'!$G$2:$G$91)-_xlfn.XLOOKUP(L28+F28,'DGI TABLE'!$A$2:$A$91,'DGI TABLE'!$G$2:$G$91))/_xlfn.XLOOKUP(L28+1,'DGI TABLE'!$A$2:$A$91,'DGI TABLE'!$C$2:$C$91) -> 0.043176992 | Q28: =(_xlfn.XLOOKUP(L28+1,'DGI TABLE'!$A$2:$A$91,'DGI TABLE'!$D$2:$D$91)-_xlfn.XLOOKUP(L28+H28,'DGI TABLE'!$A$2:$A$91,'DGI TABLE'!$D$2:$D$91))/_xlfn.XLOOKUP(L28+1,'DGI TABLE'!$A$2:$A$91,'DGI TABLE'!$C$2:$C$91) -> 13.441164 | R28: =_xlfn.XLOOKUP(L28,'DGI TABLE'!$A$2:$A$91,'DGI TABLE'!$F$2:$F$91)/_xlfn.XLOOKUP(L28,'DGI TABLE'!$A$2:$A$91,'DGI TABLE'!$C$2:$C$91) -> 0.0018461549 | S28: =P28/Q28 -> 0.0032122955 | T28: =O28+0.03/N28 -> 0.030145459 | U28: =MIN(S28,T28) -> 0.0032122955 | V28: =(_xlfn.XLOOKUP(L28+K28,'DGI TABLE'!$A$2:$A$91,'DGI TABLE'!$G$2:$G$91)-_xlfn.XLOOKUP(L28+F28,'DGI TABLE'!$A$2:$A$91,'DGI TABLE'!$G$2:$G$91))/_xlfn.XLOOKUP(L28+K28,'DGI TABLE'!$A$2:$A$91,'DGI TABLE'!$C$2:$C$91) -> 0.042445203 | W28: =(_xlfn.XLOOKUP(L28+K28,'DGI TABLE'!$A$2:$A$91,'DGI TABLE'!$D$2:$D$91)-_xlfn.XLOOKUP(L28+H28,'DGI TABLE'!$A$2:$A$91,'DGI TABLE'!$D$2:$D$91))/_xlfn.XLOOKUP(L28+K28,'DGI TABLE'!$A$2:$A$91,'DGI TABLE'!$C$2:$C$91) -> 8.3402487 | X28: =G28*(((1+J28*(K28-1))*V28)-(U28*W28)) -> 1737.7101
A29: 28 | B29: MUHAMMAD SYAFIQ BIN JAMAL | C29: M | D29: 56 | E29: EPS | F29: 15 | G29: 125000 | H29: 10 | I29: SRB | J29: 0.05 | K29: 6 | L29: =IF(C29="F",D29-3,D29) -> 56 | M29: =(_xlfn.XLOOKUP(L29,'DGI TABLE'!$A$2:$A$91,'DGI TABLE'!$G$2:$G$91)-_xlfn.XLOOKUP(L29+F29,'DGI TABLE'!$A$2:$A$91,'DGI TABLE'!$G$2:$G$91)+_xlfn.XLOOKUP(L29+F29,'DGI TABLE'!$A$2:$A$91,'DGI TABLE'!$C$2:$C$91))/_xlfn.XLOOKUP(L29,'DGI TABLE'!$A$2:$A$91,'DGI TABLE'!$C$2:$C$91) -> 0.59641512 | N29: =(_xlfn.XLOOKUP(L29,'DGI TABLE'!$A$2:$A$91,'DGI TABLE'!$D$2:$D$91)-_xlfn.XLOOKUP(L29+H29,'DGI TABLE'!$A$2:$A$91,'DGI TABLE'!$D$2:$D$91))/_xlfn.XLOOKUP(L29,'DGI TABLE'!$A$2:$A$91,'DGI TABLE'!$C$2:$C$91) -> 7.9711396 | O29: =M29/N29 -> 0.074821813 | P29: =(_xlfn.XLOOKUP(L29+1,'DGI TABLE'!$A$2:$A$91,'DGI TABLE'!$G$2:$G$91)-_xlfn.XLOOKUP(L29+F29,'DGI TABLE'!$A$2:$A$91,'DGI TABLE'!$G$2:$G$91))/_xlfn.XLOOKUP(L29+1,'DGI TABLE'!$A$2:$A$91,'DGI TABLE'!$C$2:$C$91) -> 0.19048603 | Q29: =(_xlfn.XLOOKUP(L29+1,'DGI TABLE'!$A$2:$A$91,'DGI TABLE'!$D$2:$D$91)-_xlfn.XLOOKUP(L29+H29,'DGI TABLE'!$A$2:$A$91,'DGI TABLE'!$D$2:$D$91))/_xlfn.XLOOKUP(L29+1,'DGI TABLE'!$A$2:$A$91,'DGI TABLE'!$C$2:$C$91) -> 7.3322536 | R29: =_xlfn.XLOOKUP(L29,'DGI TABLE'!$A$2:$A$91,'DGI TABLE'!$F$2:$F$91)/_xlfn.XLOOKUP(L29,'DGI TABLE'!$A$2:$A$91,'DGI TABLE'!$C$2:$C$91) -> 0.010788461 | S29: =P29/Q29 -> 0.025979193 | T29: =O29+0.03/N29 -> 0.078585391 | U29: =MIN(S29,T29) -> 0.025979193 | V29: =(_xlfn.XLOOKUP(L29+K29,'DGI TABLE'!$A$2:$A$91,'DGI TABLE'!$G$2:$G$91)-_xlfn.XLOOKUP(L29+F29,'DGI TABLE'!$A$2:$A$91,'DGI TABLE'!$G$2:$G$91))/_xlfn.XLOOKUP(L29+K29,'DGI TABLE'!$A$2:$A$91,'DGI TABLE'!$C$2:$C$91) -> 0.17025055 | W29: =(_xlfn.XLOOKUP(L29+K29,'DGI TABLE'!$A$2:$A$91,'DGI TABLE'!$D$2:$D$91)-_xlfn.XLOOKUP(L29+H29,'DGI TABLE'!$A$2:$A$91,'DGI TABLE'!$D$2:$D$91))/_xlfn.XLOOKUP(L29+K29,'DGI TABLE'!$A$2:$A$91,'DGI TABLE'!$C$2:$C$91) -> 3.6750079 | X29: =G29*(((1+J29*(K29-1))*V29)-(U29*W29)) -> 14667.431
A30: 29 | B30: MUHAMMAD FIKRI BIN NASIR | C30: M | D30: 40 | E30: EPS | F30: 15 | G30: 100000 | H30: 5 | I30: SRB | J30: 0.05 | K30: 2 | L30: =IF(C30="F",D30-3,D30) -> 40 | M30: =(_xlfn.XLOOKUP(L30,'DGI TABLE'!$A$2:$A$91,'DGI TABLE'!$G$2:$G$91)-_xlfn.XLOOKUP(L30+F30,'DGI TABLE'!$A$2:$A$91,'DGI TABLE'!$G$2:$G$91)+_xlfn.XLOOKUP(L30+F30,'DGI TABLE'!$A$2:$A$91,'DGI TABLE'!$C$2:$C$91))/_xlfn.XLOOKUP(L30,'DGI TABLE'!$A$2:$A$91,'DGI TABLE'!$C$2:$C$91) -> 0.56638947 | N30: =(_xlfn.XLOOKUP(L30,'DGI TABLE'!$A$2:$A$91,'DGI TABLE'!$D$2:$D$91)-_xlfn.XLOOKUP(L30+H30,'DGI TABLE'!$A$2:$A$91,'DGI TABLE'!$D$2:$D$91))/_xlfn.XLOOKUP(L30,'DGI TABLE'!$A$2:$A$91,'DGI TABLE'!$C$2:$C$91) -> 4.6037367 | O30: =M30/N30 -> 0.12302821 | P30: =(_xlfn.XLOOKUP(L30+1,'DGI TABLE'!$A$2:$A$91,'DGI TABLE'!$G$2:$G$91)-_xlfn.XLOOKUP(L30+F30,'DGI TABLE'!$A$2:$A$91,'DGI TABLE'!$G$2:$G$91))/_xlfn.XLOOKUP(L30+1,'DGI TABLE'!$A$2:$A$91,'DGI TABLE'!$C$2:$C$91) -> 0.054266507 | Q30: =(_xlfn.XLOOKUP(L30+1,'DGI TABLE'!$A$2:$A$91,'DGI TABLE'!$D$2:$D$91)-_xlfn.XLOOKUP(L30+H30,'DGI TABLE'!$A$2:$A$91,'DGI TABLE'!$D$2:$D$91))/_xlfn.XLOOKUP(L30+1,'DGI TABLE'!$A$2:$A$91,'DGI TABLE'!$C$2:$C$91) -> 3.758108 | R30: =_xlfn.XLOOKUP(L30,'DGI TABLE'!$A$2:$A$91,'DGI TABLE'!$F$2:$F$91)/_xlfn.XLOOKUP(L30,'DGI TABLE'!$A$2:$A$91,'DGI TABLE'!$C$2:$C$91) -> 0.0026153851 | S30: =P30/Q30 -> 0.014439848 | T30: =O30+0.03/N30 -> 0.12954465 | U30: =MIN(S30,T30) -> 0.014439848 | V30: =(_xlfn.XLOOKUP(L30+K30,'DGI TABLE'!$A$2:$A$91,'DGI TABLE'!$G$2:$G$91)-_xlfn.XLOOKUP(L30+F30,'DGI TABLE'!$A$2:$A$91,'DGI TABLE'!$G$2:$G$91))/_xlfn.XLOOKUP(L30+K30,'DGI TABLE'!$A$2:$A$91,'DGI TABLE'!$C$2:$C$91) -> 0.053664404 | W30: =(_xlfn.XLOOKUP(L30+K30,'DGI TABLE'!$A$2:$A$91,'DGI TABLE'!$D$2:$D$91)-_xlfn.XLOOKUP(L30+H30,'DGI TABLE'!$A$2:$A$91,'DGI TABLE'!$D$2:$D$91))/_xlfn.XLOOKUP(L30+K30,'DGI TABLE'!$A$2:$A$91,'DGI TABLE'!$C$2:$C$91) -> 2.8768616 | X30: =G30*(((1+J30*(K30-1))*V30)-(U30*W30)) -> 1480.618
A31: 30 | B31: MUHAMMAD AIMAN BIN ROSLI | C31: M | D31: 35 | E31: EPS | F31: 20 | G31: 175000 | H31: 15 | I31: SRB | J31: 0.05 | K31: 4 | L31: =IF(C31="F",D31-3,D31) -> 35 | M31: =(_xlfn.XLOOKUP(L31,'DGI TABLE'!$A$2:$A$91,'DGI TABLE'!$G$2:$G$91)-_xlfn.XLOOKUP(L31+F31,'DGI TABLE'!$A$2:$A$91,'DGI TABLE'!$G$2:$G$91)+_xlfn.XLOOKUP(L31+F31,'DGI TABLE'!$A$2:$A$91,'DGI TABLE'!$C$2:$C$91))/_xlfn.XLOOKUP(L31,'DGI TABLE'!$A$2:$A$91,'DGI TABLE'!$C$2:$C$91) -> 0.47028786 | N31: =(_xlfn.XLOOKUP(L31,'DGI TABLE'!$A$2:$A$91,'DGI TABLE'!$D$2:$D$91)-_xlfn.XLOOKUP(L31+H31,'DGI TABLE'!$A$2:$A$91,'DGI TABLE'!$D$2:$D$91))/_xlfn.XLOOKUP(L31,'DGI TABLE'!$A$2:$A$91,'DGI TABLE'!$C$2:$C$91) -> 11.368066 | O31: =M31/N31 -> 0.041369205 | P31: =(_xlfn.XLOOKUP(L31+1,'DGI TABLE'!$A$2:$A$91,'DGI TABLE'!$G$2:$G$91)-_xlfn.XLOOKUP(L31+F31,'DGI TABLE'!$A$2:$A$91,'DGI TABLE'!$G$2:$G$91))/_xlfn.XLOOKUP(L31+1,'DGI TABLE'!$A$2:$A$91,'DGI TABLE'!$C$2:$C$91) -> 0.054697655 | Q31: =(_xlfn.XLOOKUP(L31+1,'DGI TABLE'!$A$2:$A$91,'DGI TABLE'!$D$2:$D$91)-_xlfn.XLOOKUP(L31+H31,'DGI TABLE'!$A$2:$A$91,'DGI TABLE'!$D$2:$D$91))/_xlfn.XLOOKUP(L31+1,'DGI TABLE'!$A$2:$A$91,'DGI TABLE'!$C$2:$C$91) -> 10.804614 | R31: =_xlfn.XLOOKUP(L31,'DGI TABLE'!$A$2:$A$91,'DGI TABLE'!$F$2:$F$91)/_xlfn.XLOOKUP(L31,'DGI TABLE'!$A$2:$A$91,'DGI TABLE'!$C$2:$C$91) -> 0.0019423062 | S31: =P31/Q31 -> 0.0050624347 | T31: =O31+0.03/N31 -> 0.044008176 | U31: =MIN(S31,T31) -> 0.0050624347 | V31: =(_xlfn.XLOOKUP(L31+K31,'DGI TABLE'!$A$2:$A$91,'DGI TABLE'!$G$2:$G$91)-_xlfn.XLOOKUP(L31+F31,'DGI TABLE'!$A$2:$A$91,'DGI TABLE'!$G$2:$G$91))/_xlfn.XLOOKUP(L31+K31,'DGI TABLE'!$A$2:$A$91,'DGI TABLE'!$C$2:$C$91) -> 0.054859589 | W31: =(_xlfn.XLOOKUP(L31+K31,'DGI TABLE'!$A$2:$A$91,'DGI TABLE'!$D$2:$D$91)-_xlfn.XLOOKUP(L31+H31,'DGI TABLE'!$A$2:$A$91,'DGI TABLE'!$D$2:$D$91))/_xlfn.XLOOKUP(L31+K31,'DGI TABLE'!$A$2:$A$91,'DGI TABLE'!$C$2:$C$91) -> 8.9749459 | X31: =G31*(((1+J31*(K31-1))*V31)-(U31*W31)) -> 3089.3537
A32: 31 | B32: NURUL AFIFAH BINTI RAHMAN | C32: F | D32: 59 | E32: EPS | F32: 5 | G32: 150000 | H32: 3 | I32: SRB | J32: 0.05 | K32: 3 | L32: =IF(C32="F",D32-3,D32) -> 56 | M32: =(_xlfn.XLOOKUP(L32,'DGI TABLE'!$A$2:$A$91,'DGI TABLE'!$G$2:$G$91)-_xlfn.XLOOKUP(L32+F32,'DGI TABLE'!$A$2:$A$91,'DGI TABLE'!$G$2:$G$91)+_xlfn.XLOOKUP(L32+F32,'DGI TABLE'!$A$2:$A$91,'DGI TABLE'!$C$2:$C$91))/_xlfn.XLOOKUP(L32,'DGI TABLE'!$A$2:$A$91,'DGI TABLE'!$C$2:$C$91) -> 0.82600753 | N32: =(_xlfn.XLOOKUP(L32,'DGI TABLE'!$A$2:$A$91,'DGI TABLE'!$D$2:$D$91)-_xlfn.XLOOKUP(L32+H32,'DGI TABLE'!$A$2:$A$91,'DGI TABLE'!$D$2:$D$91))/_xlfn.XLOOKUP(L32,'DGI TABLE'!$A$2:$A$91,'DGI TABLE'!$C$2:$C$91) -> 2.8538709 | O32: =M32/N32 -> 0.28943409 | P32: =(_xlfn.XLOOKUP(L32+1,'DGI TABLE'!$A$2:$A$91,'DGI TABLE'!$G$2:$G$91)-_xlfn.XLOOKUP(L32+F32,'DGI TABLE'!$A$2:$A$91,'DGI TABLE'!$G$2:$G$91))/_xlfn.XLOOKUP(L32+1,'DGI TABLE'!$A$2:$A$91,'DGI TABLE'!$C$2:$C$91) -> 0.047591761 | Q32: =(_xlfn.XLOOKUP(L32+1,'DGI TABLE'!$A$2:$A$91,'DGI TABLE'!$D$2:$D$91)-_xlfn.XLOOKUP(L32+H32,'DGI TABLE'!$A$2:$A$91,'DGI TABLE'!$D$2:$D$91))/_xlfn.XLOOKUP(L32+1,'DGI TABLE'!$A$2:$A$91,'DGI TABLE'!$C$2:$C$91) -> 1.9499039 | R32: =_xlfn.XLOOKUP(L32,'DGI TABLE'!$A$2:$A$91,'DGI TABLE'!$F$2:$F$91)/_xlfn.XLOOKUP(L32,'DGI TABLE'!$A$2:$A$91,'DGI TABLE'!$C$2:$C$91) -> 0.010788461 | S32: =P32/Q32 -> 0.024407234 | T32: =O32+0.03/N32 -> 0.29994613 | U32: =MIN(S32,T32) -> 0.024407234 | V32: =(_xlfn.XLOOKUP(L32+K32,'DGI TABLE'!$A$2:$A$91,'DGI TABLE'!$G$2:$G$91)-_xlfn.XLOOKUP(L32+F32,'DGI TABLE'!$A$2:$A$91,'DGI TABLE'!$G$2:$G$91))/_xlfn.XLOOKUP(L32+K32,'DGI TABLE'!$A$2:$A$91,'DGI TABLE'!$C$2:$C$91) -> 0.026764186 | W32: =(_xlfn.XLOOKUP(L32+K32,'DGI TABLE'!$A$2:$A$91,'DGI TABLE'!$D$2:$D$91)-_xlfn.XLOOKUP(L32+H32,'DGI TABLE'!$A$2:$A$91,'DGI TABLE'!$D$2:$D$91))/_xlfn.XLOOKUP(L32+K32,'DGI TABLE'!$A$2:$A$91,'DGI TABLE'!$C$2:$C$91) -> 0 | X32: =G32*(((1+J32*(K32-1))*V32)-(U32*W32)) -> 4416.0907
A33: 32 | B33: MUHAMMAD RAIHAN BIN SAAD | C33: M | D33: 32 | E33: EPS | F33: 20 | G33: 125000 | H33: 10 | I33: SRB | J33: 0.05 | K33: 4 | L33: =IF(C33="F",D33-3,D33) -> 32 | M33: =(_xlfn.XLOOKUP(L33,'DGI TABLE'!$A$2:$A$91,'DGI TABLE'!$G$2:$G$91)-_xlfn.XLOOKUP(L33+F33,'DGI TABLE'!$A$2:$A$91,'DGI TABLE'!$G$2:$G$91)+_xlfn.XLOOKUP(L33+F33,'DGI TABLE'!$A$2:$A$91,'DGI TABLE'!$C$2:$C$91))/_xlfn.XLOOKUP(L33,'DGI TABLE'!$A$2:$A$91,'DGI TABLE'!$C$2:$C$91) -> 0.46764548 | N33: =(_xlfn.XLOOKUP(L33,'DGI TABLE'!$A$2:$A$91,'DGI TABLE'!$D$2:$D$91)-_xlfn.XLOOKUP(L33+H33,'DGI TABLE'!$A$2:$A$91,'DGI TABLE'!$D$2:$D$91))/_xlfn.XLOOKUP(L33,'DGI TABLE'!$A$2:$A$91,'DGI TABLE'!$C$2:$C$91) -> 8.3646288 | O33: =M33/N33 -> 0.0559075 | P33: =(_xlfn.XLOOKUP(L33+1,'DGI TABLE'!$A$2:$A$91,'DGI TABLE'!$G$2:$G$91)-_xlfn.XLOOKUP(L33+F33,'DGI TABLE'!$A$2:$A$91,'DGI TABLE'!$G$2:$G$91))/_xlfn.XLOOKUP(L33+1,'DGI TABLE'!$A$2:$A$91,'DGI TABLE'!$C$2:$C$91) -> 0.043162731 | Q33: =(_xlfn.XLOOKUP(L33+1,'DGI TABLE'!$A$2:$A$91,'DGI TABLE'!$D$2:$D$91)-_xlfn.XLOOKUP(L33+H33,'DGI TABLE'!$A$2:$A$91,'DGI TABLE'!$D$2:$D$91))/_xlfn.XLOOKUP(L33+1,'DGI TABLE'!$A$2:$A$91,'DGI TABLE'!$C$2:$C$91) -> 7.6729487 | R33: =_xlfn.XLOOKUP(L33,'DGI TABLE'!$A$2:$A$91,'DGI TABLE'!$F$2:$F$91)/_xlfn.XLOOKUP(L33,'DGI TABLE'!$A$2:$A$91,'DGI TABLE'!$C$2:$C$91) -> 0.0017211522 | S33: =P33/Q33 -> 0.0056253121 | T33: =O33+0.03/N33 -> 0.05949403 | U33: =MIN(S33,T33) -> 0.0056253121 | V33: =(_xlfn.XLOOKUP(L33+K33,'DGI TABLE'!$A$2:$A$91,'DGI TABLE'!$G$2:$G$91)-_xlfn.XLOOKUP(L33+F33,'DGI TABLE'!$A$2:$A$91,'DGI TABLE'!$G$2:$G$91))/_xlfn.XLOOKUP(L33+K33,'DGI TABLE'!$A$2:$A$91,'DGI TABLE'!$C$2:$C$91) -> 0.042783046 | W33: =(_xlfn.XLOOKUP(L33+K33,'DGI TABLE'!$A$2:$A$91,'DGI TABLE'!$D$2:$D$91)-_xlfn.XLOOKUP(L33+H33,'DGI TABLE'!$A$2:$A$91,'DGI TABLE'!$D$2:$D$91))/_xlfn.XLOOKUP(L33+K33,'DGI TABLE'!$A$2:$A$91,'DGI TABLE'!$C$2:$C$91) -> 5.4218741 | X33: =G33*(((1+J33*(K33-1))*V33)-(U33*W33)) -> 2337.5961
A34: 33 | B34: NUR ATHIRAH BINTI AZIZ | C34: F | D34: 52 | E34: EPS | F34: 25 | G34: 60000 | H34: 15 | I34: SRB | J34: 0.05 | K34: 9 | L34: =IF(C34="F",D34-3,D34) -> 49 | M34: =(_xlfn.XLOOKUP(L34,'DGI TABLE'!$A$2:$A$91,'DGI TABLE'!$G$2:$G$91)-_xlfn.XLOOKUP(L34+F34,'DGI TABLE'!$A$2:$A$91,'DGI TABLE'!$G$2:$G$91)+_xlfn.XLOOKUP(L34+F34,'DGI TABLE'!$A$2:$A$91,'DGI TABLE'!$C$2:$C$91))/_xlfn.XLOOKUP(L34,'DGI TABLE'!$A$2:$A$91,'DGI TABLE'!$C$2:$C$91) -> 0.44381627 | N34: =(_xlfn.XLOOKUP(L34,'DGI TABLE'!$A$2:$A$91,'DGI TABLE'!$D$2:$D$91)-_xlfn.XLOOKUP(L34+H34,'DGI TABLE'!$A$2:$A$91,'DGI TABLE'!$D$2:$D$91))/_xlfn.XLOOKUP(L34,'DGI TABLE'!$A$2:$A$91,'DGI TABLE'!$C$2:$C$91) -> 10.938414 | O34: =M34/N34 -> 0.040574096 | P34: =(_xlfn.XLOOKUP(L34+1,'DGI TABLE'!$A$2:$A$91,'DGI TABLE'!$G$2:$G$91)-_xlfn.XLOOKUP(L34+F34,'DGI TABLE'!$A$2:$A$91,'DGI TABLE'!$G$2:$G$91))/_xlfn.XLOOKUP(L34+1,'DGI TABLE'!$A$2:$A$91,'DGI TABLE'!$C$2:$C$91) -> 0.22184281 | Q34: =(_xlfn.XLOOKUP(L34+1,'DGI TABLE'!$A$2:$A$91,'DGI TABLE'!$D$2:$D$91)-_xlfn.XLOOKUP(L34+H34,'DGI TABLE'!$A$2:$A$91,'DGI TABLE'!$D$2:$D$91))/_xlfn.XLOOKUP(L34+1,'DGI TABLE'!$A$2:$A$91,'DGI TABLE'!$C$2:$C$91) -> 10.398655 | R34: =_xlfn.XLOOKUP(L34,'DGI TABLE'!$A$2:$A$91,'DGI TABLE'!$F$2:$F$91)/_xlfn.XLOOKUP(L34,'DGI TABLE'!$A$2:$A$91,'DGI TABLE'!$C$2:$C$91) -> 0.0057980762 | S34: =P34/Q34 -> 0.021333798 | T34: =O34+0.03/N34 -> 0.043316724 | U34: =MIN(S34,T34) -> 0.021333798 | V34: =(_xlfn.XLOOKUP(L34+K34,'DGI TABLE'!$A$2:$A$91,'DGI TABLE'!$G$2:$G$91)-_xlfn.XLOOKUP(L34+F34,'DGI TABLE'!$A$2:$A$91,'DGI TABLE'!$G$2:$G$91))/_xlfn.XLOOKUP(L34+K34,'DGI TABLE'!$A$2:$A$91,'DGI TABLE'!$C$2:$C$91) -> 0.24002194 | W34: =(_xlfn.XLOOKUP(L34+K34,'DGI TABLE'!$A$2:$A$91,'DGI TABLE'!$D$2:$D$91)-_xlfn.XLOOKUP(L34+H34,'DGI TABLE'!$A$2:$A$91,'DGI TABLE'!$D$2:$D$91))/_xlfn.XLOOKUP(L34+K34,'DGI TABLE'!$A$2:$A$91,'DGI TABLE'!$C$2:$C$91) -> 5.2704717 | X34: =G34*(((1+J34*(K34-1))*V34)-(U34*W34)) -> 13415.492
A35: 34 | B35: MUHAMMAD RIZAL BIN SHUKRI | C35: M | D35: 20 | E35: EPS | F35: 15 | G35: 175000 | H35: 10 | I35: SRB | J35: 0.05 | K35: 6 | L35: =IF(C35="F",D35-3,D35) -> 20 | M35: =(_xlfn.XLOOKUP(L35,'DGI TABLE'!$A$2:$A$91,'DGI TABLE'!$G$2:$G$91)-_xlfn.XLOOKUP(L35+F35,'DGI TABLE'!$A$2:$A$91,'DGI TABLE'!$G$2:$G$91)+_xlfn.XLOOKUP(L35+F35,'DGI TABLE'!$A$2:$A$91,'DGI TABLE'!$C$2:$C$91))/_xlfn.XLOOKUP(L35,'DGI TABLE'!$A$2:$A$91,'DGI TABLE'!$C$2:$C$91) -> 0.56083087 | N35: =(_xlfn.XLOOKUP(L35,'DGI TABLE'!$A$2:$A$91,'DGI TABLE'!$D$2:$D$91)-_xlfn.XLOOKUP(L35+H35,'DGI TABLE'!$A$2:$A$91,'DGI TABLE'!$D$2:$D$91))/_xlfn.XLOOKUP(L35,'DGI TABLE'!$A$2:$A$91,'DGI TABLE'!$C$2:$C$91) -> 8.3633486 | O35: =M35/N35 -> 0.067058172 | P35: =(_xlfn.XLOOKUP(L35+1,'DGI TABLE'!$A$2:$A$91,'DGI TABLE'!$G$2:$G$91)-_xlfn.XLOOKUP(L35+F35,'DGI TABLE'!$A$2:$A$91,'DGI TABLE'!$G$2:$G$91))/_xlfn.XLOOKUP(L35+1,'DGI TABLE'!$A$2:$A$91,'DGI TABLE'!$C$2:$C$91) -> 0.02056259 | Q35: =(_xlfn.XLOOKUP(L35+1,'DGI TABLE'!$A$2:$A$91,'DGI TABLE'!$D$2:$D$91)-_xlfn.XLOOKUP(L35+H35,'DGI TABLE'!$A$2:$A$91,'DGI TABLE'!$D$2:$D$91))/_xlfn.XLOOKUP(L35+1,'DGI TABLE'!$A$2:$A$91,'DGI TABLE'!$C$2:$C$91) -> 7.6724603 | R35: =_xlfn.XLOOKUP(L35,'DGI TABLE'!$A$2:$A$91,'DGI TABLE'!$F$2:$F$91)/_xlfn.XLOOKUP(L35,'DGI TABLE'!$A$2:$A$91,'DGI TABLE'!$C$2:$C$91) -> 0.001826923 | S35: =P35/Q35 -> 0.0026800517 | T35: =O35+0.03/N35 -> 0.070645252 | U35: =MIN(S35,T35) -> 0.0026800517 | V35: =(_xlfn.XLOOKUP(L35+K35,'DGI TABLE'!$A$2:$A$91,'DGI TABLE'!$G$2:$G$91)-_xlfn.XLOOKUP(L35+F35,'DGI TABLE'!$A$2:$A$91,'DGI TABLE'!$G$2:$G$91))/_xlfn.XLOOKUP(L35+K35,'DGI TABLE'!$A$2:$A$91,'DGI TABLE'!$C$2:$C$91) -> 0.013731612 | W35: =(_xlfn.XLOOKUP(L35+K35,'DGI TABLE'!$A$2:$A$91,'DGI TABLE'!$D$2:$D$91)-_xlfn.XLOOKUP(L35+H35,'DGI TABLE'!$A$2:$A$91,'DGI TABLE'!$D$2:$D$91))/_xlfn.XLOOKUP(L35+K35,'DGI TABLE'!$A$2:$A$91,'DGI TABLE'!$C$2:$C$91) -> 3.7644653 | X35: =G35*(((1+J35*(K35-1))*V35)-(U35*W35)) -> 1238.2219
A36: 35 | B36: MUHAMMAD HAZREEN BIN JAMAL | C36: M | D36: 30 | E36: EPS | F36: 5 | G36: 100000 | H36: 3 | I36: SRB | J36: 0.05 | K36: 2 | L36: =IF(C36="F",D36-3,D36) -> 30 | M36: =(_xlfn.XLOOKUP(L36,'DGI TABLE'!$A$2:$A$91,'DGI TABLE'!$G$2:$G$91)-_xlfn.XLOOKUP(L36+F36,'DGI TABLE'!$A$2:$A$91,'DGI TABLE'!$G$2:$G$91)+_xlfn.XLOOKUP(L36+F36,'DGI TABLE'!$A$2:$A$91,'DGI TABLE'!$C$2:$C$91))/_xlfn.XLOOKUP(L36,'DGI TABLE'!$A$2:$A$91,'DGI TABLE'!$C$2:$C$91) -> 0.82253709 | N36: =(_xlfn.XLOOKUP(L36,'DGI TABLE'!$A$2:$A$91,'DGI TABLE'!$D$2:$D$91)-_xlfn.XLOOKUP(L36+H36,'DGI TABLE'!$A$2:$A$91,'DGI TABLE'!$D$2:$D$91))/_xlfn.XLOOKUP(L36,'DGI TABLE'!$A$2:$A$91,'DGI TABLE'!$C$2:$C$91) -> 2.8811039 | O36: =M36/N36 -> 0.28549373 | P36: =(_xlfn.XLOOKUP(L36+1,'DGI TABLE'!$A$2:$A$91,'DGI TABLE'!$G$2:$G$91)-_xlfn.XLOOKUP(L36+F36,'DGI TABLE'!$A$2:$A$91,'DGI TABLE'!$G$2:$G$91))/_xlfn.XLOOKUP(L36+1,'DGI TABLE'!$A$2:$A$91,'DGI TABLE'!$C$2:$C$91) -> 0.0066336087 | Q36: =(_xlfn.XLOOKUP(L36+1,'DGI TABLE'!$A$2:$A$91,'DGI TABLE'!$D$2:$D$91)-_xlfn.XLOOKUP(L36+H36,'DGI TABLE'!$A$2:$A$91,'DGI TABLE'!$D$2:$D$91))/_xlfn.XLOOKUP(L36+1,'DGI TABLE'!$A$2:$A$91,'DGI TABLE'!$C$2:$C$91) -> 1.9598366 | R36: =_xlfn.XLOOKUP(L36,'DGI TABLE'!$A$2:$A$91,'DGI TABLE'!$F$2:$F$91)/_xlfn.XLOOKUP(L36,'DGI TABLE'!$A$2:$A$91,'DGI TABLE'!$C$2:$C$91) -> 0.0017115393 | S36: =P36/Q36 -> 0.0033847765 | T36: =O36+0.03/N36 -> 0.2959064 | U36: =MIN(S36,T36) -> 0.0033847765 | V36: =(_xlfn.XLOOKUP(L36+K36,'DGI TABLE'!$A$2:$A$91,'DGI TABLE'!$G$2:$G$91)-_xlfn.XLOOKUP(L36+F36,'DGI TABLE'!$A$2:$A$91,'DGI TABLE'!$G$2:$G$91))/_xlfn.XLOOKUP(L36+K36,'DGI TABLE'!$A$2:$A$91,'DGI TABLE'!$C$2:$C$91) -> 0.0051380469 | W36: =(_xlfn.XLOOKUP(L36+K36,'DGI TABLE'!$A$2:$A$91,'DGI TABLE'!$D$2:$D$91)-_xlfn.XLOOKUP(L36+H36,'DGI TABLE'!$A$2:$A$91,'DGI TABLE'!$D$2:$D$91))/_xlfn.XLOOKUP(L36+K36,'DGI TABLE'!$A$2:$A$91,'DGI TABLE'!$C$2:$C$91) -> 1 | X36: =G36*(((1+J36*(K36-1))*V36)-(U36*W36)) -> 201.01728
A37: 36 | B37: MUHAMMAD AKMAL BIN AZMAN | C37: M | D37: 52 | E37: EPS | F37: 5 | G37: 150000 | H37: 4 | I37: SRB | J37: 0.05 | K37: 3 | L37: =IF(C37="F",D37-3,D37) -> 52 | M37: =(_xlfn.XLOOKUP(L37,'DGI TABLE'!$A$2:$A$91,'DGI TABLE'!$G$2:$G$91)-_xlfn.XLOOKUP(L37+F37,'DGI TABLE'!$A$2:$A$91,'DGI TABLE'!$G$2:$G$91)+_xlfn.XLOOKUP(L37+F37,'DGI TABLE'!$A$2:$A$91,'DGI TABLE'!$C$2:$C$91))/_xlfn.XLOOKUP(L37,'DGI TABLE'!$A$2:$A$91,'DGI TABLE'!$C$2:$C$91) -> 0.82486662 | N37: =(_xlfn.XLOOKUP(L37,'DGI TABLE'!$A$2:$A$91,'DGI TABLE'!$D$2:$D$91)-_xlfn.XLOOKUP(L37+H37,'DGI TABLE'!$A$2:$A$91,'DGI TABLE'!$D$2:$D$91))/_xlfn.XLOOKUP(L37,'DGI TABLE'!$A$2:$A$91,'DGI TABLE'!$C$2:$C$91) -> 3.7293152 | O37: =M37/N37 -> 0.22118447 | P37: =(_xlfn.XLOOKUP(L37+1,'DGI TABLE'!$A$2:$A$91,'DGI TABLE'!$G$2:$G$91)-_xlfn.XLOOKUP(L37+F37,'DGI TABLE'!$A$2:$A$91,'DGI TABLE'!$G$2:$G$91))/_xlfn.XLOOKUP(L37+1,'DGI TABLE'!$A$2:$A$91,'DGI TABLE'!$C$2:$C$91) -> 0.03533578 | Q37: =(_xlfn.XLOOKUP(L37+1,'DGI TABLE'!$A$2:$A$91,'DGI TABLE'!$D$2:$D$91)-_xlfn.XLOOKUP(L37+H37,'DGI TABLE'!$A$2:$A$91,'DGI TABLE'!$D$2:$D$91))/_xlfn.XLOOKUP(L37+1,'DGI TABLE'!$A$2:$A$91,'DGI TABLE'!$C$2:$C$91) -> 2.8610906 | R37: =_xlfn.XLOOKUP(L37,'DGI TABLE'!$A$2:$A$91,'DGI TABLE'!$F$2:$F$91)/_xlfn.XLOOKUP(L37,'DGI TABLE'!$A$2:$A$91,'DGI TABLE'!$C$2:$C$91) -> 0.0075961494 | S37: =P37/Q37 -> 0.012350458 | T37: =O37+0.03/N37 -> 0.22922884 | U37: =MIN(S37,T37) -> 0.012350458 | V37: =(_xlfn.XLOOKUP(L37+K37,'DGI TABLE'!$A$2:$A$91,'DGI TABLE'!$G$2:$G$91)-_xlfn.XLOOKUP(L37+F37,'DGI TABLE'!$A$2:$A$91,'DGI TABLE'!$G$2:$G$91))/_xlfn.XLOOKUP(L37+K37,'DGI TABLE'!$A$2:$A$91,'DGI TABLE'!$C$2:$C$91) -> 0.020199054 | W37: =(_xlfn.XLOOKUP(L37+K37,'DGI TABLE'!$A$2:$A$91,'DGI TABLE'!$D$2:$D$91)-_xlfn.XLOOKUP(L37+H37,'DGI TABLE'!$A$2:$A$91,'DGI TABLE'!$D$2:$D$91))/_xlfn.XLOOKUP(L37+K37,'DGI TABLE'!$A$2:$A$91,'DGI TABLE'!$C$2:$C$91) -> 1 | X37: =G37*(((1+J37*(K37-1))*V37)-(U37*W37)) -> 1480.2751
A38: 37 | B38: AHMAD ZULHILMI BIN OMAR | C38: M | D38: 47 | E38: EPS | F38: 15 | G38: 125000 | H38: 5 | I38: SRB | J38: 0.05 | K38: 3 | L38: =IF(C38="F",D38-3,D38) -> 47 | M38: =(_xlfn.XLOOKUP(L38,'DGI TABLE'!$A$2:$A$91,'DGI TABLE'!$G$2:$G$91)-_xlfn.XLOOKUP(L38+F38,'DGI TABLE'!$A$2:$A$91,'DGI TABLE'!$G$2:$G$91)+_xlfn.XLOOKUP(L38+F38,'DGI TABLE'!$A$2:$A$91,'DGI TABLE'!$C$2:$C$91))/_xlfn.XLOOKUP(L38,'DGI TABLE'!$A$2:$A$91,'DGI TABLE'!$C$2:$C$91) -> 0.57568005 | N38: =(_xlfn.XLOOKUP(L38,'DGI TABLE'!$A$2:$A$91,'DGI TABLE'!$D$2:$D$91)-_xlfn.XLOOKUP(L38+H38,'DGI TABLE'!$A$2:$A$91,'DGI TABLE'!$D$2:$D$91))/_xlfn.XLOOKUP(L38,'DGI TABLE'!$A$2:$A$91,'DGI TABLE'!$C$2:$C$91) -> 4.5809564 | O38: =M38/N38 -> 0.12566809 | P38: =(_xlfn.XLOOKUP(L38+1,'DGI TABLE'!$A$2:$A$91,'DGI TABLE'!$G$2:$G$91)-_xlfn.XLOOKUP(L38+F38,'DGI TABLE'!$A$2:$A$91,'DGI TABLE'!$G$2:$G$91))/_xlfn.XLOOKUP(L38+1,'DGI TABLE'!$A$2:$A$91,'DGI TABLE'!$C$2:$C$91) -> 0.096320127 | Q38: =(_xlfn.XLOOKUP(L38+1,'DGI TABLE'!$A$2:$A$91,'DGI TABLE'!$D$2:$D$91)-_xlfn.XLOOKUP(L38+H38,'DGI TABLE'!$A$2:$A$91,'DGI TABLE'!$D$2:$D$91))/_xlfn.XLOOKUP(L38+1,'DGI TABLE'!$A$2:$A$91,'DGI TABLE'!$C$2:$C$91) -> 3.7430973 | R38: =_xlfn.XLOOKUP(L38,'DGI TABLE'!$A$2:$A$91,'DGI TABLE'!$F$2:$F$91)/_xlfn.XLOOKUP(L38,'DGI TABLE'!$A$2:$A$91,'DGI TABLE'!$C$2:$C$91) -> 0.0048557714 | S38: =P38/Q38 -> 0.025732734 | T38: =O38+0.03/N38 -> 0.13221694 | U38: =MIN(S38,T38) -> 0.025732734 | V38: =(_xlfn.XLOOKUP(L38+K38,'DGI TABLE'!$A$2:$A$91,'DGI TABLE'!$G$2:$G$91)-_xlfn.XLOOKUP(L38+F38,'DGI TABLE'!$A$2:$A$91,'DGI TABLE'!$G$2:$G$91))/_xlfn.XLOOKUP(L38+K38,'DGI TABLE'!$A$2:$A$91,'DGI TABLE'!$C$2:$C$91) -> 0.093519377 | W38: =(_xlfn.XLOOKUP(L38+K38,'DGI TABLE'!$A$2:$A$91,'DGI TABLE'!$D$2:$D$91)-_xlfn.XLOOKUP(L38+H38,'DGI TABLE'!$A$2:$A$91,'DGI TABLE'!$D$2:$D$91))/_xlfn.XLOOKUP(L38+K38,'DGI TABLE'!$A$2:$A$91,'DGI TABLE'!$C$2:$C$91) -> 1.9551924 | X38: =G38*(((1+J38*(K38-1))*V38)-(U38*W38)) -> 6569.8586
... A44: 43 | B44: NUR AISYAH BINTI AZMAN | C44: F | D44: 34 | E44: EPS | F44: 20 | G44: 150000 | H44: 10 | I44: SRB | J44: 0.05 | K44: 8 | L44: =IF(C44="F",D44-3,D44) -> 31 | M44: =(_xlfn.XLOOKUP(L44,'DGI TABLE'!$A$2:$A$91,'DGI TABLE'!$G$2:$G$91)-_xlfn.XLOOKUP(L44+F44,'DGI TABLE'!$A$2:$A$91,'DGI TABLE'!$G$2:$G$91)+_xlfn.XLOOKUP(L44+F44,'DGI TABLE'!$A$2:$A$91,'DGI TABLE'!$C$2:$C$91))/_xlfn.XLOOKUP(L44,'DGI TABLE'!$A$2:$A$91,'DGI TABLE'!$C$2:$C$91) -> 0.46698136 | N44: =(_xlfn.XLOOKUP(L44,'DGI TABLE'!$A$2:$A$91,'DGI TABLE'!$D$2:$D$91)-_xlfn.XLOOKUP(L44+H44,'DGI TABLE'!$A$2:$A$91,'DGI TABLE'!$D$2:$D$91))/_xlfn.XLOOKUP(L44,'DGI TABLE'!$A$2:$A$91,'DGI TABLE'!$C$2:$C$91) -> 8.3674379 | O44: =M44/N44 -> 0.055809361 | P44: =(_xlfn.XLOOKUP(L44+1,'DGI TABLE'!$A$2:$A$91,'DGI TABLE'!$G$2:$G$91)-_xlfn.XLOOKUP(L44+F44,'DGI TABLE'!$A$2:$A$91,'DGI TABLE'!$G$2:$G$91))/_xlfn.XLOOKUP(L44+1,'DGI TABLE'!$A$2:$A$91,'DGI TABLE'!$C$2:$C$91) -> 0.040066647 | Q44: =(_xlfn.XLOOKUP(L44+1,'DGI TABLE'!$A$2:$A$91,'DGI TABLE'!$D$2:$D$91)-_xlfn.XLOOKUP(L44+H44,'DGI TABLE'!$A$2:$A$91,'DGI TABLE'!$D$2:$D$91))/_xlfn.XLOOKUP(L44+1,'DGI TABLE'!$A$2:$A$91,'DGI TABLE'!$C$2:$C$91) -> 7.6757213 | R44: =_xlfn.XLOOKUP(L44,'DGI TABLE'!$A$2:$A$91,'DGI TABLE'!$F$2:$F$91)/_xlfn.XLOOKUP(L44,'DGI TABLE'!$A$2:$A$91,'DGI TABLE'!$C$2:$C$91) -> 0.0017019234 | S44: =P44/Q44 -> 0.0052199194 | T44: =O44+0.03/N44 -> 0.059394688 | U44: =MIN(S44,T44) -> 0.0052199194 | V44: =(_xlfn.XLOOKUP(L44+K44,'DGI TABLE'!$A$2:$A$91,'DGI TABLE'!$G$2:$G$91)-_xlfn.XLOOKUP(L44+F44,'DGI TABLE'!$A$2:$A$91,'DGI TABLE'!$G$2:$G$91))/_xlfn.XLOOKUP(L44+K44,'DGI TABLE'!$A$2:$A$91,'DGI TABLE'!$C$2:$C$91) -> 0.037250226 | W44: =(_xlfn.XLOOKUP(L44+K44,'DGI TABLE'!$A$2:$A$91,'DGI TABLE'!$D$2:$D$91)-_xlfn.XLOOKUP(L44+H44,'DGI TABLE'!$A$2:$A$91,'DGI TABLE'!$D$2:$D$91))/_xlfn.XLOOKUP(L44+K44,'DGI TABLE'!$A$2:$A$91,'DGI TABLE'!$C$2:$C$91) -> 1.9590962 | X44: =G44*(((1+J44*(K44-1))*V44)-(U44*W44)) -> 6009.222
A45: 44 | B45: MUHAMMAD HAZWAN BIN RAMLI | C45: M | D45: 22 | E45: TNP | F45: 10 | G45: 75000 | H45: 5 | I45: None | J45: 0 | K45: 2 | L45: =IF(C45="F",D45-3,D45) -> 22 | M45: =(_xlfn.XLOOKUP(L45,'DGI TABLE'!$A$2:$A$91,'DGI TABLE'!$G$2:$G$91)-_xlfn.XLOOKUP(L45+F45,'DGI TABLE'!$A$2:$A$91,'DGI TABLE'!$G$2:$G$91))/_xlfn.XLOOKUP(L45,'DGI TABLE'!$A$2:$A$91,'DGI TABLE'!$C$2:$C$91) -> 0.015951718 | N45: =(_xlfn.XLOOKUP(L45,'DGI TABLE'!$A$2:$A$91,'DGI TABLE'!$D$2:$D$91)-_xlfn.XLOOKUP(L45+H45,'DGI TABLE'!$A$2:$A$91,'DGI TABLE'!$D$2:$D$91))/_xlfn.XLOOKUP(L45,'DGI TABLE'!$A$2:$A$91,'DGI TABLE'!$C$2:$C$91) -> 4.6107456 | O45: =M45/N45 -> 0.003459683 | P45: =(_xlfn.XLOOKUP(L45+1,'DGI TABLE'!$A$2:$A$91,'DGI TABLE'!$G$2:$G$91)-_xlfn.XLOOKUP(L45+F45,'DGI TABLE'!$A$2:$A$91,'DGI TABLE'!$G$2:$G$91)+_xlfn.XLOOKUP(L45+F45,'DGI TABLE'!$A$2:$A$91,'DGI TABLE'!$C$2:$C$91))/_xlfn.XLOOKUP(L45+1,'DGI TABLE'!$A$2:$A$91,'DGI TABLE'!$C$2:$C$91) -> 0.70483876 | Q45: =(_xlfn.XLOOKUP(L45+1,'DGI TABLE'!$A$2:$A$91,'DGI TABLE'!$D$2:$D$91)-_xlfn.XLOOKUP(L45+H45,'DGI TABLE'!$A$2:$A$91,'DGI TABLE'!$D$2:$D$91))/_xlfn.XLOOKUP(L45+1,'DGI TABLE'!$A$2:$A$91,'DGI TABLE'!$C$2:$C$91) -> 3.7634173 | R45: =_xlfn.XLOOKUP(L45,'DGI TABLE'!$A$2:$A$91,'DGI TABLE'!$F$2:$F$91)/_xlfn.XLOOKUP(L45,'DGI TABLE'!$A$2:$A$91,'DGI TABLE'!$C$2:$C$91) -> 0.0021057684 | S45: =P45/Q45 -> 0.1872869 | T45: =O45+0.03/N45 -> 0.0099662229 | U45: =MIN(S45,T45) -> 0.0099662229 | V45: =(_xlfn.XLOOKUP(L45+K45,'DGI TABLE'!$A$2:$A$91,'DGI TABLE'!$G$2:$G$91)-_xlfn.XLOOKUP(L45+F45,'DGI TABLE'!$A$2:$A$91,'DGI TABLE'!$G$2:$G$91)+_xlfn.XLOOKUP(L45+F45,'DGI TABLE'!$A$2:$A$91,'DGI TABLE'!$C$2:$C$91))/_xlfn.XLOOKUP(L45+K45,'DGI TABLE'!$A$2:$A$91,'DGI TABLE'!$C$2:$C$91) -> 0.73244906 | W45: =(_xlfn.XLOOKUP(L45+K45,'DGI TABLE'!$A$2:$A$91,'DGI TABLE'!$D$2:$D$91)-_xlfn.XLOOKUP(L45+H45,'DGI TABLE'!$A$2:$A$91,'DGI TABLE'!$D$2:$D$91))/_xlfn.XLOOKUP(L45+K45,'DGI TABLE'!$A$2:$A$91,'DGI TABLE'!$C$2:$C$91) -> 2.8802329 | X45: =G45*(V45-(U45*W45)) -> 52780.801 | Y45: =AVERAGE(X45:X72) -> 75217.129
A46: 45 | B46: MUHAMMAD IRFAN BIN AZIZ | C46: M | D46: 27 | E46: TNP | F46: 15 | G46: 175000 | H46: 10 | I46: None | J46: 0 | K46: 4 | L46: =IF(C46="F",D46-3,D46) -> 27 | M46: =(_xlfn.XLOOKUP(L46,'DGI TABLE'!$A$2:$A$91,'DGI TABLE'!$G$2:$G$91)-_xlfn.XLOOKUP(L46+F46,'DGI TABLE'!$A$2:$A$91,'DGI TABLE'!$G$2:$G$91))/_xlfn.XLOOKUP(L46,'DGI TABLE'!$A$2:$A$91,'DGI TABLE'!$C$2:$C$91) -> 0.022648356 | N46: =(_xlfn.XLOOKUP(L46,'DGI TABLE'!$A$2:$A$91,'DGI TABLE'!$D$2:$D$91)-_xlfn.XLOOKUP(L46+H46,'DGI TABLE'!$A$2:$A$91,'DGI TABLE'!$D$2:$D$91))/_xlfn.XLOOKUP(L46,'DGI TABLE'!$A$2:$A$91,'DGI TABLE'!$C$2:$C$91) -> 8.3705425 | O46: =M46/N46 -> 0.0027057214 | P46: =(_xlfn.XLOOKUP(L46+1,'DGI TABLE'!$A$2:$A$91,'DGI TABLE'!$G$2:$G$91)-_xlfn.XLOOKUP(L46+F46,'DGI TABLE'!$A$2:$A$91,'DGI TABLE'!$G$2:$G$91)+_xlfn.XLOOKUP(L46+F46,'DGI TABLE'!$A$2:$A$91,'DGI TABLE'!$C$2:$C$91))/_xlfn.XLOOKUP(L46+1,'DGI TABLE'!$A$2:$A$91,'DGI TABLE'!$C$2:$C$91) -> 0.58217215 | Q46: =(_xlfn.XLOOKUP(L46+1,'DGI TABLE'!$A$2:$A$91,'DGI TABLE'!$D$2:$D$91)-_xlfn.XLOOKUP(L46+H46,'DGI TABLE'!$A$2:$A$91,'DGI TABLE'!$D$2:$D$91))/_xlfn.XLOOKUP(L46+1,'DGI TABLE'!$A$2:$A$91,'DGI TABLE'!$C$2:$C$91) -> 7.6801099 | R46: =_xlfn.XLOOKUP(L46,'DGI TABLE'!$A$2:$A$91,'DGI TABLE'!$F$2:$F$91)/_xlfn.XLOOKUP(L46,'DGI TABLE'!$A$2:$A$91,'DGI TABLE'!$C$2:$C$91) -> 0.0018461549 | S46: =P46/Q46 -> 0.075802581 | T46: =O46+0.03/N46 -> 0.0062897185 | U46: =MIN(S46,T46) -> 0.0062897185 | V46: =(_xlfn.XLOOKUP(L46+K46,'DGI TABLE'!$A$2:$A$91,'DGI TABLE'!$G$2:$G$91)-_xlfn.XLOOKUP(L46+F46,'DGI TABLE'!$A$2:$A$91,'DGI TABLE'!$G$2:$G$91)+_xlfn.XLOOKUP(L46+F46,'DGI TABLE'!$A$2:$A$91,'DGI TABLE'!$C$2:$C$91))/_xlfn.XLOOKUP(L46+K46,'DGI TABLE'!$A$2:$A$91,'DGI TABLE'!$C$2:$C$91) -> 0.65274322 | W46: =(_xlfn.XLOOKUP(L46+K46,'DGI TABLE'!$A$2:$A$91,'DGI TABLE'!$D$2:$D$91)-_xlfn.XLOOKUP(L46+H46,'DGI TABLE'!$A$2:$A$91,'DGI TABLE'!$D$2:$D$91))/_xlfn.XLOOKUP(L46+K46,'DGI TABLE'!$A$2:$A$91,'DGI TABLE'!$C$2:$C$91) -> 5.4281096 | X46: =G46*(V46-(U46*W46)) -> 108255.34
A47: 46 | B47: AMIR SYAKIR BIN ZAIDI | C47: M | D47: 40 | E47: TNP | F47: 5 | G47: 175000 | H47: 3 | I47: None | J47: 0 | K47: 1 | L47: =IF(C47="F",D47-3,D47) -> 40 | M47: =(_xlfn.XLOOKUP(L47,'DGI TABLE'!$A$2:$A$91,'DGI TABLE'!$G$2:$G$91)-_xlfn.XLOOKUP(L47+F47,'DGI TABLE'!$A$2:$A$91,'DGI TABLE'!$G$2:$G$91))/_xlfn.XLOOKUP(L47,'DGI TABLE'!$A$2:$A$91,'DGI TABLE'!$C$2:$C$91) -> 0.014203181 | N47: =(_xlfn.XLOOKUP(L47,'DGI TABLE'!$A$2:$A$91,'DGI TABLE'!$D$2:$D$91)-_xlfn.XLOOKUP(L47+H47,'DGI TABLE'!$A$2:$A$91,'DGI TABLE'!$D$2:$D$91))/_xlfn.XLOOKUP(L47,'DGI TABLE'!$A$2:$A$91,'DGI TABLE'!$C$2:$C$91) -> 2.878263 | O47: =M47/N47 -> 0.0049346363 | P47: =(_xlfn.XLOOKUP(L47+1,'DGI TABLE'!$A$2:$A$91,'DGI TABLE'!$G$2:$G$91)-_xlfn.XLOOKUP(L47+F47,'DGI TABLE'!$A$2:$A$91,'DGI TABLE'!$G$2:$G$91)+_xlfn.XLOOKUP(L47+F47,'DGI TABLE'!$A$2:$A$91,'DGI TABLE'!$C$2:$C$91))/_xlfn.XLOOKUP(L47+1,'DGI TABLE'!$A$2:$A$91,'DGI TABLE'!$C$2:$C$91) -> 0.85545737 | Q47: =(_xlfn.XLOOKUP(L47+1,'DGI TABLE'!$A$2:$A$91,'DGI TABLE'!$D$2:$D$91)-_xlfn.XLOOKUP(L47+H47,'DGI TABLE'!$A$2:$A$91,'DGI TABLE'!$D$2:$D$91))/_xlfn.XLOOKUP(L47+1,'DGI TABLE'!$A$2:$A$91,'DGI TABLE'!$C$2:$C$91) -> 1.9587211 | R47: =_xlfn.XLOOKUP(L47,'DGI TABLE'!$A$2:$A$91,'DGI TABLE'!$F$2:$F$91)/_xlfn.XLOOKUP(L47,'DGI TABLE'!$A$2:$A$91,'DGI TABLE'!$C$2:$C$91) -> 0.0026153851 | S47: =P47/Q47 -> 0.43674281 | T47: =O47+0.03/N47 -> 0.015357589 | U47: =MIN(S47,T47) -> 0.015357589 | V47: =(_xlfn.XLOOKUP(L47+K47,'DGI TABLE'!$A$2:$A$91,'DGI TABLE'!$G$2:$G$91)-_xlfn.XLOOKUP(L47+F47,'DGI TABLE'!$A$2:$A$91,'DGI TABLE'!$G$2:$G$91)+_xlfn.XLOOKUP(L47+F47,'DGI TABLE'!$A$2:$A$91,'DGI TABLE'!$C$2:$C$91))/_xlfn.XLOOKUP(L47+K47,'DGI TABLE'!$A$2:$A$91,'DGI TABLE'!$C$2:$C$91) -> 0.85545737 | W47: =(_xlfn.XLOOKUP(L47+K47,'DGI TABLE'!$A$2:$A$91,'DGI TABLE'!$D$2:$D$91)-_xlfn.XLOOKUP(L47+H47,'DGI TABLE'!$A$2:$A$91,'DGI TABLE'!$D$2:$D$91))/_xlfn.XLOOKUP(L47+K47,'DGI TABLE'!$A$2:$A$91,'DGI TABLE'!$C$2:$C$91) -> 1.9587211 | X47: =G47*(V47-(U47*W47)) -> 144440.82
A48: 47 | B48: MUHAMMAD SHAFIQ BIN MAHADI | C48: M | D48: 18 | E48: TNP | F48: 5 | G48: 120000 | H48: 4 | I48: None | J48: 0 | K48: 3 | L48: =IF(C48="F",D48-3,D48) -> 18 | M48: =(_xlfn.XLOOKUP(L48,'DGI TABLE'!$A$2:$A$91,'DGI TABLE'!$G$2:$G$91)-_xlfn.XLOOKUP(L48+F48,'DGI TABLE'!$A$2:$A$91,'DGI TABLE'!$G$2:$G$91))/_xlfn.XLOOKUP(L48,'DGI TABLE'!$A$2:$A$91,'DGI TABLE'!$C$2:$C$91) -> 0.0084221547 | N48: =(_xlfn.XLOOKUP(L48,'DGI TABLE'!$A$2:$A$91,'DGI TABLE'!$D$2:$D$91)-_xlfn.XLOOKUP(L48+H48,'DGI TABLE'!$A$2:$A$91,'DGI TABLE'!$D$2:$D$91))/_xlfn.XLOOKUP(L48,'DGI TABLE'!$A$2:$A$91,'DGI TABLE'!$C$2:$C$91) -> 3.7656976 | O48: =M48/N48 -> 0.0022365457 | P48: =(_xlfn.XLOOKUP(L48+1,'DGI TABLE'!$A$2:$A$91,'DGI TABLE'!$G$2:$G$91)-_xlfn.XLOOKUP(L48+F48,'DGI TABLE'!$A$2:$A$91,'DGI TABLE'!$G$2:$G$91)+_xlfn.XLOOKUP(L48+F48,'DGI TABLE'!$A$2:$A$91,'DGI TABLE'!$C$2:$C$91))/_xlfn.XLOOKUP(L48+1,'DGI TABLE'!$A$2:$A$91,'DGI TABLE'!$C$2:$C$91) -> 0.85519486 | Q48: =(_xlfn.XLOOKUP(L48+1,'DGI TABLE'!$A$2:$A$91,'DGI TABLE'!$D$2:$D$91)-_xlfn.XLOOKUP(L48+H48,'DGI TABLE'!$A$2:$A$91,'DGI TABLE'!$D$2:$D$91))/_xlfn.XLOOKUP(L48+1,'DGI TABLE'!$A$2:$A$91,'DGI TABLE'!$C$2:$C$91) -> 2.8810216 | R48: =_xlfn.XLOOKUP(L48,'DGI TABLE'!$A$2:$A$91,'DGI TABLE'!$F$2:$F$91)/_xlfn.XLOOKUP(L48,'DGI TABLE'!$A$2:$A$91,'DGI TABLE'!$C$2:$C$91) -> 0.0015673083 | S48: =P48/Q48 -> 0.29683737 | T48: =O48+0.03/N48 -> 0.010203197 | U48: =MIN(S48,T48) -> 0.010203197 | V48: =(_xlfn.XLOOKUP(L48+K48,'DGI TABLE'!$A$2:$A$91,'DGI TABLE'!$G$2:$G$91)-_xlfn.XLOOKUP(L48+F48,'DGI TABLE'!$A$2:$A$91,'DGI TABLE'!$G$2:$G$91)+_xlfn.XLOOKUP(L48+F48,'DGI TABLE'!$A$2:$A$91,'DGI TABLE'!$C$2:$C$91))/_xlfn.XLOOKUP(L48+K48,'DGI TABLE'!$A$2:$A$91,'DGI TABLE'!$C$2:$C$91) -> 0.92463277 | W48: =(_xlfn.XLOOKUP(L48+K48,'DGI TABLE'!$A$2:$A$91,'DGI TABLE'!$D$2:$D$91)-_xlfn.XLOOKUP(L48+H48,'DGI TABLE'!$A$2:$A$91,'DGI TABLE'!$D$2:$D$91))/_xlfn.XLOOKUP(L48+K48,'DGI TABLE'!$A$2:$A$91,'DGI TABLE'!$C$2:$C$91) -> 1 | X48: =G48*(V48-(U48*W48)) -> 109731.55
A49: 48 | B49: AHMAD SYAMIL BIN RAHMAN | C49: M | D49: 60 | E49: TNP | F49: 25 | G49: 125000 | H49: 5 | I49: None | J49: 0 | K49: 3 | L49: =IF(C49="F",D49-3,D49) -> 60 | M49: =(_xlfn.XLOOKUP(L49,'DGI TABLE'!$A$2:$A$91,'DGI TABLE'!$G$2:$G$91)-_xlfn.XLOOKUP(L49+F49,'DGI TABLE'!$A$2:$A$91,'DGI TABLE'!$G$2:$G$91))/_xlfn.XLOOKUP(L49,'DGI TABLE'!$A$2:$A$91,'DGI TABLE'!$C$2:$C$91) -> 0.42928886 | N49: =(_xlfn.XLOOKUP(L49,'DGI TABLE'!$A$2:$A$91,'DGI TABLE'!$D$2:$D$91)-_xlfn.XLOOKUP(L49+H49,'DGI TABLE'!$A$2:$A$91,'DGI TABLE'!$D$2:$D$91))/_xlfn.XLOOKUP(L49,'DGI TABLE'!$A$2:$A$91,'DGI TABLE'!$C$2:$C$91) -> 4.4892967 | O49: =M49/N49 -> 0.09562497 | P49: =(_xlfn.XLOOKUP(L49+1,'DGI TABLE'!$A$2:$A$91,'DGI TABLE'!$G$2:$G$91)-_xlfn.XLOOKUP(L49+F49,'DGI TABLE'!$A$2:$A$91,'DGI TABLE'!$G$2:$G$91)+_xlfn.XLOOKUP(L49+F49,'DGI TABLE'!$A$2:$A$91,'DGI TABLE'!$C$2:$C$91))/_xlfn.XLOOKUP(L49+1,'DGI TABLE'!$A$2:$A$91,'DGI TABLE'!$C$2:$C$91) -> 0.5393552 | Q49: =(_xlfn.XLOOKUP(L49+1,'DGI TABLE'!$A$2:$A$91,'DGI TABLE'!$D$2:$D$91)-_xlfn.XLOOKUP(L49+H49,'DGI TABLE'!$A$2:$A$91,'DGI TABLE'!$D$2:$D$91))/_xlfn.XLOOKUP(L49+1,'DGI TABLE'!$A$2:$A$91,'DGI TABLE'!$C$2:$C$91) -> 3.6833456 | R49: =_xlfn.XLOOKUP(L49,'DGI TABLE'!$A$2:$A$91,'DGI TABLE'!$F$2:$F$91)/_xlfn.XLOOKUP(L49,'DGI TABLE'!$A$2:$A$91,'DGI TABLE'!$C$2:$C$91) -> 0.01422115 | S49: =P49/Q49 -> 0.14643079 | T49: =O49+0.03/N49 -> 0.10230753 | U49: =MIN(S49,T49) -> 0.10230753 | V49: =(_xlfn.XLOOKUP(L49+K49,'DGI TABLE'!$A$2:$A$91,'DGI TABLE'!$G$2:$G$91)-_xlfn.XLOOKUP(L49+F49,'DGI TABLE'!$A$2:$A$91,'DGI TABLE'!$G$2:$G$91)+_xlfn.XLOOKUP(L49+F49,'DGI TABLE'!$A$2:$A$91,'DGI TABLE'!$C$2:$C$91))/_xlfn.XLOOKUP(L49+K49,'DGI TABLE'!$A$2:$A$91,'DGI TABLE'!$C$2:$C$91) -> 0.56844234 | W49: =(_xlfn.XLOOKUP(L49+K49,'DGI TABLE'!$A$2:$A$91,'DGI TABLE'!$D$2:$D$91)-_xlfn.XLOOKUP(L49+H49,'DGI TABLE'!$A$2:$A$91,'DGI TABLE'!$D$2:$D$91))/_xlfn.XLOOKUP(L49+K49,'DGI TABLE'!$A$2:$A$91,'DGI TABLE'!$C$2:$C$91) -> 1.9432403 | X49: =G49*(V49-(U49*W49)) -> 46204.278
A50: 49 | B50: NURUL SYAFINA BINTI SHUKRI | C50: F | D50: 50 | E50: TNP | F50: 20 | G50: 50000 | H50: 15 | I50: None | J50: 0 | K50: 8 | L50: =IF(C50="F",D50-3,D50) -> 47 | M50: =(_xlfn.XLOOKUP(L50,'DGI TABLE'!$A$2:$A$91,'DGI TABLE'!$G$2:$G$91)-_xlfn.XLOOKUP(L50+F50,'DGI TABLE'!$A$2:$A$91,'DGI TABLE'!$G$2:$G$91))/_xlfn.XLOOKUP(L50,'DGI TABLE'!$A$2:$A$91,'DGI TABLE'!$C$2:$C$91) -> 0.13976105 | N50: =(_xlfn.XLOOKUP(L50,'DGI TABLE'!$A$2:$A$91,'DGI TABLE'!$D$2:$D$91)-_xlfn.XLOOKUP(L50+H50,'DGI TABLE'!$A$2:$A$91,'DGI TABLE'!$D$2:$D$91))/_xlfn.XLOOKUP(L50,'DGI TABLE'!$A$2:$A$91,'DGI TABLE'!$C$2:$C$91) -> 11.032318 | O50: =M50/N50 -> 0.012668331 | P50: =(_xlfn.XLOOKUP(L50+1,'DGI TABLE'!$A$2:$A$91,'DGI TABLE'!$G$2:$G$91)-_xlfn.XLOOKUP(L50+F50,'DGI TABLE'!$A$2:$A$91,'DGI TABLE'!$G$2:$G$91)+_xlfn.XLOOKUP(L50+F50,'DGI TABLE'!$A$2:$A$91,'DGI TABLE'!$C$2:$C$91))/_xlfn.XLOOKUP(L50+1,'DGI TABLE'!$A$2:$A$91,'DGI TABLE'!$C$2:$C$91) -> 0.51077696 | Q50: =(_xlfn.XLOOKUP(L50+1,'DGI TABLE'!$A$2:$A$91,'DGI TABLE'!$D$2:$D$91)-_xlfn.XLOOKUP(L50+H50,'DGI TABLE'!$A$2:$A$91,'DGI TABLE'!$D$2:$D$91))/_xlfn.XLOOKUP(L50+1,'DGI TABLE'!$A$2:$A$91,'DGI TABLE'!$C$2:$C$91) -> 10.486568 | R50: =_xlfn.XLOOKUP(L50,'DGI TABLE'!$A$2:$A$91,'DGI TABLE'!$F$2:$F$91)/_xlfn.XLOOKUP(L50,'DGI TABLE'!$A$2:$A$91,'DGI TABLE'!$C$2:$C$91) -> 0.0048557714 | S50: =P50/Q50 -> 0.048707735 | T50: =O50+0.03/N50 -> 0.015387614 | U50: =MIN(S50,T50) -> 0.015387614 | V50: =(_xlfn.XLOOKUP(L50+K50,'DGI TABLE'!$A$2:$A$91,'DGI TABLE'!$G$2:$G$91)-_xlfn.XLOOKUP(L50+F50,'DGI TABLE'!$A$2:$A$91,'DGI TABLE'!$G$2:$G$91)+_xlfn.XLOOKUP(L50+F50,'DGI TABLE'!$A$2:$A$91,'DGI TABLE'!$C$2:$C$91))/_xlfn.XLOOKUP(L50+K50,'DGI TABLE'!$A$2:$A$91,'DGI TABLE'!$C$2:$C$91) -> 0.64877265 | W50: =(_xlfn.XLOOKUP(L50+K50,'DGI TABLE'!$A$2:$A$91,'DGI TABLE'!$D$2:$D$91)-_xlfn.XLOOKUP(L50+H50,'DGI TABLE'!$A$2:$A$91,'DGI TABLE'!$D$2:$D$91))/_xlfn.XLOOKUP(L50+K50,'DGI TABLE'!$A$2:$A$91,'DGI TABLE'!$C$2:$C$91) -> 6.0375855 | X50: =G50*(V50-(U50*W50)) -> 27793.431
A51: 50 | B51: NUR RAIHANAH BINTI SAAD | C51: F | D51: 23 | E51: TNP | F51: 10 | G51: 150000 | H51: 5 | I51: None | J51: 0 | K51: 3 | L51: =IF(C51="F",D51-3,D51) -> 20 | M51: =(_xlfn.XLOOKUP(L51,'DGI TABLE'!$A$2:$A$91,'DGI TABLE'!$G$2:$G$91)-_xlfn.XLOOKUP(L51+F51,'DGI TABLE'!$A$2:$A$91,'DGI TABLE'!$G$2:$G$91))/_xlfn.XLOOKUP(L51,'DGI TABLE'!$A$2:$A$91,'DGI TABLE'!$C$2:$C$91) -> 0.016212035 | N51: =(_xlfn.XLOOKUP(L51,'DGI TABLE'!$A$2:$A$91,'DGI TABLE'!$D$2:$D$91)-_xlfn.XLOOKUP(L51+H51,'DGI TABLE'!$A$2:$A$91,'DGI TABLE'!$D$2:$D$91))/_xlfn.XLOOKUP(L51,'DGI TABLE'!$A$2:$A$91,'DGI TABLE'!$C$2:$C$91) -> 4.6118296 | O51: =M51/N51 -> 0.0035153152 | P51: =(_xlfn.XLOOKUP(L51+1,'DGI TABLE'!$A$2:$A$91,'DGI TABLE'!$G$2:$G$91)-_xlfn.XLOOKUP(L51+F51,'DGI TABLE'!$A$2:$A$91,'DGI TABLE'!$G$2:$G$91)+_xlfn.XLOOKUP(L51+F51,'DGI TABLE'!$A$2:$A$91,'DGI TABLE'!$C$2:$C$91))/_xlfn.XLOOKUP(L51+1,'DGI TABLE'!$A$2:$A$91,'DGI TABLE'!$C$2:$C$91) -> 0.70490538 | Q51: =(_xlfn.XLOOKUP(L51+1,'DGI TABLE'!$A$2:$A$91,'DGI TABLE'!$D$2:$D$91)-_xlfn.XLOOKUP(L51+H51,'DGI TABLE'!$A$2:$A$91,'DGI TABLE'!$D$2:$D$91))/_xlfn.XLOOKUP(L51+1,'DGI TABLE'!$A$2:$A$91,'DGI TABLE'!$C$2:$C$91) -> 3.7634534 | R51: =_xlfn.XLOOKUP(L51,'DGI TABLE'!$A$2:$A$91,'DGI TABLE'!$F$2:$F$91)/_xlfn.XLOOKUP(L51,'DGI TABLE'!$A$2:$A$91,'DGI TABLE'!$C$2:$C$91) -> 0.001826923 | S51: =P51/Q51 -> 0.1873028 | T51: =O51+0.03/N51 -> 0.010020326 | U51: =MIN(S51,T51) -> 0.010020326 | V51: =(_xlfn.XLOOKUP(L51+K51,'DGI TABLE'!$A$2:$A$91,'DGI TABLE'!$G$2:$G$91)-_xlfn.XLOOKUP(L51+F51,'DGI TABLE'!$A$2:$A$91,'DGI TABLE'!$G$2:$G$91)+_xlfn.XLOOKUP(L51+F51,'DGI TABLE'!$A$2:$A$91,'DGI TABLE'!$C$2:$C$91))/_xlfn.XLOOKUP(L51+K51,'DGI TABLE'!$A$2:$A$91,'DGI TABLE'!$C$2:$C$91) -> 0.76132718 | W51: =(_xlfn.XLOOKUP(L51+K51,'DGI TABLE'!$A$2:$A$91,'DGI TABLE'!$D$2:$D$91)-_xlfn.XLOOKUP(L51+H51,'DGI TABLE'!$A$2:$A$91,'DGI TABLE'!$D$2:$D$91))/_xlfn.XLOOKUP(L51+K51,'DGI TABLE'!$A$2:$A$91,'DGI TABLE'!$C$2:$C$91) -> 1.9594423 | X51: =G51*(V51-(U51*W51)) -> 111253.94
A52: 51 | B52: MUHAMMAD ASYRAF BIN ZAINAL | C52: M | D52: 38 | E52: TNP | F52: 20 | G52: 125000 | H52: 5 | I52: None | J52: 0 | K52: 3 | L52: =IF(C52="F",D52-3,D52) -> 38 | M52: =(_xlfn.XLOOKUP(L52,'DGI TABLE'!$A$2:$A$91,'DGI TABLE'!$G$2:$G$91)-_xlfn.XLOOKUP(L52+F52,'DGI TABLE'!$A$2:$A$91,'DGI TABLE'!$G$2:$G$91))/_xlfn.XLOOKUP(L52,'DGI TABLE'!$A$2:$A$91,'DGI TABLE'!$C$2:$C$91) -> 0.069387095 | N52: =(_xlfn.XLOOKUP(L52,'DGI TABLE'!$A$2:$A$91,'DGI TABLE'!$D$2:$D$91)-_xlfn.XLOOKUP(L52+H52,'DGI TABLE'!$A$2:$A$91,'DGI TABLE'!$D$2:$D$91))/_xlfn.XLOOKUP(L52,'DGI TABLE'!$A$2:$A$91,'DGI TABLE'!$C$2:$C$91) -> 4.6072532 | O52: =M52/N52 -> 0.015060404 | P52: =(_xlfn.XLOOKUP(L52+1,'DGI TABLE'!$A$2:$A$91,'DGI TABLE'!$G$2:$G$91)-_xlfn.XLOOKUP(L52+F52,'DGI TABLE'!$A$2:$A$91,'DGI TABLE'!$G$2:$G$91)+_xlfn.XLOOKUP(L52+F52,'DGI TABLE'!$A$2:$A$91,'DGI TABLE'!$C$2:$C$91))/_xlfn.XLOOKUP(L52+1,'DGI TABLE'!$A$2:$A$91,'DGI TABLE'!$C$2:$C$91) -> 0.49174476 | Q52: =(_xlfn.XLOOKUP(L52+1,'DGI TABLE'!$A$2:$A$91,'DGI TABLE'!$D$2:$D$91)-_xlfn.XLOOKUP(L52+H52,'DGI TABLE'!$A$2:$A$91,'DGI TABLE'!$D$2:$D$91))/_xlfn.XLOOKUP(L52+1,'DGI TABLE'!$A$2:$A$91,'DGI TABLE'!$C$2:$C$91) -> 3.760531 | R52: =_xlfn.XLOOKUP(L52,'DGI TABLE'!$A$2:$A$91,'DGI TABLE'!$F$2:$F$91)/_xlfn.XLOOKUP(L52,'DGI TABLE'!$A$2:$A$91,'DGI TABLE'!$C$2:$C$91) -> 0.0022980774 | S52: =P52/Q52 -> 0.13076471 | T52: =O52+0.03/N52 -> 0.021571876 | U52: =MIN(S52,T52) -> 0.021571876 | V52: =(_xlfn.XLOOKUP(L52+K52,'DGI TABLE'!$A$2:$A$91,'DGI TABLE'!$G$2:$G$91)-_xlfn.XLOOKUP(L52+F52,'DGI TABLE'!$A$2:$A$91,'DGI TABLE'!$G$2:$G$91)+_xlfn.XLOOKUP(L52+F52,'DGI TABLE'!$A$2:$A$91,'DGI TABLE'!$C$2:$C$91))/_xlfn.XLOOKUP(L52+K52,'DGI TABLE'!$A$2:$A$91,'DGI TABLE'!$C$2:$C$91) -> 0.52929687 | W52: =(_xlfn.XLOOKUP(L52+K52,'DGI TABLE'!$A$2:$A$91,'DGI TABLE'!$D$2:$D$91)-_xlfn.XLOOKUP(L52+H52,'DGI TABLE'!$A$2:$A$91,'DGI TABLE'!$D$2:$D$91))/_xlfn.XLOOKUP(L52+K52,'DGI TABLE'!$A$2:$A$91,'DGI TABLE'!$C$2:$C$91) -> 1.9587211 | X52: =G52*(V52-(U52*W52)) -> 60880.447
A53: 52 | B53: SITI NURAIN BINTI AZIZ | C53: F | D53: 58 | E53: TNP | F53: 15 | G53: 50000 | H53: 10 | I53: None | J53: 0 | K53: 3 | L53: =IF(C53="F",D53-3,D53) -> 55 | M53: =(_xlfn.XLOOKUP(L53,'DGI TABLE'!$A$2:$A$91,'DGI TABLE'!$G$2:$G$91)-_xlfn.XLOOKUP(L53+F53,'DGI TABLE'!$A$2:$A$91,'DGI TABLE'!$G$2:$G$91))/_xlfn.XLOOKUP(L53,'DGI TABLE'!$A$2:$A$91,'DGI TABLE'!$C$2:$C$91) -> 0.17810152 | N53: =(_xlfn.XLOOKUP(L53,'DGI TABLE'!$A$2:$A$91,'DGI TABLE'!$D$2:$D$91)-_xlfn.XLOOKUP(L53+H53,'DGI TABLE'!$A$2:$A$91,'DGI TABLE'!$D$2:$D$91))/_xlfn.XLOOKUP(L53,'DGI TABLE'!$A$2:$A$91,'DGI TABLE'!$C$2:$C$91) -> 8.0036971 | O53: =M53/N53 -> 0.022252406 | P53: =(_xlfn.XLOOKUP(L53+1,'DGI TABLE'!$A$2:$A$91,'DGI TABLE'!$G$2:$G$91)-_xlfn.XLOOKUP(L53+F53,'DGI TABLE'!$A$2:$A$91,'DGI TABLE'!$G$2:$G$91)+_xlfn.XLOOKUP(L53+F53,'DGI TABLE'!$A$2:$A$91,'DGI TABLE'!$C$2:$C$91))/_xlfn.XLOOKUP(L53+1,'DGI TABLE'!$A$2:$A$91,'DGI TABLE'!$C$2:$C$91) -> 0.61320292 | Q53: =(_xlfn.XLOOKUP(L53+1,'DGI TABLE'!$A$2:$A$91,'DGI TABLE'!$D$2:$D$91)-_xlfn.XLOOKUP(L53+H53,'DGI TABLE'!$A$2:$A$91,'DGI TABLE'!$D$2:$D$91))/_xlfn.XLOOKUP(L53+1,'DGI TABLE'!$A$2:$A$91,'DGI TABLE'!$C$2:$C$91) -> 7.3598723 | R53: =_xlfn.XLOOKUP(L53,'DGI TABLE'!$A$2:$A$91,'DGI TABLE'!$F$2:$F$91)/_xlfn.XLOOKUP(L53,'DGI TABLE'!$A$2:$A$91,'DGI TABLE'!$C$2:$C$91) -> 0.0099326913 | S53: =P53/Q53 -> 0.083317061 | T53: =O53+0.03/N53 -> 0.026000674 | U53: =MIN(S53,T53) -> 0.026000674 | V53: =(_xlfn.XLOOKUP(L53+K53,'DGI TABLE'!$A$2:$A$91,'DGI TABLE'!$G$2:$G$91)-_xlfn.XLOOKUP(L53+F53,'DGI TABLE'!$A$2:$A$91,'DGI TABLE'!$G$2:$G$91)+_xlfn.XLOOKUP(L53+F53,'DGI TABLE'!$A$2:$A$91,'DGI TABLE'!$C$2:$C$91))/_xlfn.XLOOKUP(L53+K53,'DGI TABLE'!$A$2:$A$91,'DGI TABLE'!$C$2:$C$91) -> 0.654788 | W53: =(_xlfn.XLOOKUP(L53+K53,'DGI TABLE'!$A$2:$A$91,'DGI TABLE'!$D$2:$D$91)-_xlfn.XLOOKUP(L53+H53,'DGI TABLE'!$A$2:$A$91,'DGI TABLE'!$D$2:$D$91))/_xlfn.XLOOKUP(L53+K53,'DGI TABLE'!$A$2:$A$91,'DGI TABLE'!$C$2:$C$91) -> 5.9893657 | X53: =G53*(V53-(U53*W53)) -> 24953.023
A54: 53 | B54: NURUL IZZAH BINTI ABDULLAH | C54: F | D54: 45 | E54: TNP | F54: 10 | G54: 125000 | H54: 5 | I54: None | J54: 0 | K54: 3 | L54: =IF(C54="F",D54-3,D54) -> 42 | M54: =(_xlfn.XLOOKUP(L54,'DGI TABLE'!$A$2:$A$91,'DGI TABLE'!$G$2:$G$91)-_xlfn.XLOOKUP(L54+F54,'DGI TABLE'!$A$2:$A$91,'DGI TABLE'!$G$2:$G$91))/_xlfn.XLOOKUP(L54,'DGI TABLE'!$A$2:$A$91,'DGI TABLE'!$C$2:$C$91) -> 0.038360798 | N54: =(_xlfn.XLOOKUP(L54,'DGI TABLE'!$A$2:$A$91,'DGI TABLE'!$D$2:$D$91)-_xlfn.XLOOKUP(L54+H54,'DGI TABLE'!$A$2:$A$91,'DGI TABLE'!$D$2:$D$91))/_xlfn.XLOOKUP(L54,'DGI TABLE'!$A$2:$A$91,'DGI TABLE'!$C$2:$C$91) -> 4.5988547 | O54: =M54/N54 -> 0.0083413808 | P54: =(_xlfn.XLOOKUP(L54+1,'DGI TABLE'!$A$2:$A$91,'DGI TABLE'!$G$2:$G$91)-_xlfn.XLOOKUP(L54+F54,'DGI TABLE'!$A$2:$A$91,'DGI TABLE'!$G$2:$G$91)+_xlfn.XLOOKUP(L54+F54,'DGI TABLE'!$A$2:$A$91,'DGI TABLE'!$C$2:$C$91))/_xlfn.XLOOKUP(L54+1,'DGI TABLE'!$A$2:$A$91,'DGI TABLE'!$C$2:$C$91) -> 0.7073884 | Q54: =(_xlfn.XLOOKUP(L54+1,'DGI TABLE'!$A$2:$A$91,'DGI TABLE'!$D$2:$D$91)-_xlfn.XLOOKUP(L54+H54,'DGI TABLE'!$A$2:$A$91,'DGI TABLE'!$D$2:$D$91))/_xlfn.XLOOKUP(L54+1,'DGI TABLE'!$A$2:$A$91,'DGI TABLE'!$C$2:$C$91) -> 3.7547867 | R54: =_xlfn.XLOOKUP(L54,'DGI TABLE'!$A$2:$A$91,'DGI TABLE'!$F$2:$F$91)/_xlfn.XLOOKUP(L54,'DGI TABLE'!$A$2:$A$91,'DGI TABLE'!$C$2:$C$91) -> 0.0030673055 | S54: =P54/Q54 -> 0.18839643 | T54: =O54+0.03/N54 -> 0.014864744 | U54: =MIN(S54,T54) -> 0.014864744 | V54: =(_xlfn.XLOOKUP(L54+K54,'DGI TABLE'!$A$2:$A$91,'DGI TABLE'!$G$2:$G$91)-_xlfn.XLOOKUP(L54+F54,'DGI TABLE'!$A$2:$A$91,'DGI TABLE'!$G$2:$G$91)+_xlfn.XLOOKUP(L54+F54,'DGI TABLE'!$A$2:$A$91,'DGI TABLE'!$C$2:$C$91))/_xlfn.XLOOKUP(L54+K54,'DGI TABLE'!$A$2:$A$91,'DGI TABLE'!$C$2:$C$91) -> 0.76324177 | W54: =(_xlfn.XLOOKUP(L54+K54,'DGI TABLE'!$A$2:$A$91,'DGI TABLE'!$D$2:$D$91)-_xlfn.XLOOKUP(L54+H54,'DGI TABLE'!$A$2:$A$91,'DGI TABLE'!$D$2:$D$91))/_xlfn.XLOOKUP(L54+K54,'DGI TABLE'!$A$2:$A$91,'DGI TABLE'!$C$2:$C$91) -> 1.9575096 | X54: =G54*(V54-(U54*W54)) -> 91767.986
A55: 54 | B55: NUR FAREEHA BINTI ABDUL HALIM | C55: F | D55: 52 | E55: TNP | F55: 15 | G55: 60000 | H55: 10 | I55: None | J55: 0 | K55: 1 | L55: =IF(C55="F",D55-3,D55) -> 49 | M55: =(_xlfn.XLOOKUP(L55,'DGI TABLE'!$A$2:$A$91,'DGI TABLE'!$G$2:$G$91)-_xlfn.XLOOKUP(L55+F55,'DGI TABLE'!$A$2:$A$91,'DGI TABLE'!$G$2:$G$91))/_xlfn.XLOOKUP(L55,'DGI TABLE'!$A$2:$A$91,'DGI TABLE'!$C$2:$C$91) -> 0.11298375 | N55: =(_xlfn.XLOOKUP(L55,'DGI TABLE'!$A$2:$A$91,'DGI TABLE'!$D$2:$D$91)-_xlfn.XLOOKUP(L55+H55,'DGI TABLE'!$A$2:$A$91,'DGI TABLE'!$D$2:$D$91))/_xlfn.XLOOKUP(L55,'DGI TABLE'!$A$2:$A$91,'DGI TABLE'!$C$2:$C$91) -> 8.1683885 | O55: =M55/N55 -> 0.013831829 | P55: =(_xlfn.XLOOKUP(L55+1,'DGI TABLE'!$A$2:$A$91,'DGI TABLE'!$G$2:$G$91)-_xlfn.XLOOKUP(L55+F55,'DGI TABLE'!$A$2:$A$91,'DGI TABLE'!$G$2:$G$91)+_xlfn.XLOOKUP(L55+F55,'DGI TABLE'!$A$2:$A$91,'DGI TABLE'!$C$2:$C$91))/_xlfn.XLOOKUP(L55+1,'DGI TABLE'!$A$2:$A$91,'DGI TABLE'!$C$2:$C$91) -> 0.60005172 | Q55: =(_xlfn.XLOOKUP(L55+1,'DGI TABLE'!$A$2:$A$91,'DGI TABLE'!$D$2:$D$91)-_xlfn.XLOOKUP(L55+H55,'DGI TABLE'!$A$2:$A$91,'DGI TABLE'!$D$2:$D$91))/_xlfn.XLOOKUP(L55+1,'DGI TABLE'!$A$2:$A$91,'DGI TABLE'!$C$2:$C$91) -> 7.5003516 | R55: =_xlfn.XLOOKUP(L55,'DGI TABLE'!$A$2:$A$91,'DGI TABLE'!$F$2:$F$91)/_xlfn.XLOOKUP(L55,'DGI TABLE'!$A$2:$A$91,'DGI TABLE'!$C$2:$C$91) -> 0.0057980762 | S55: =P55/Q55 -> 0.080003145 | T55: =O55+0.03/N55 -> 0.017504524 | U55: =MIN(S55,T55) -> 0.017504524 | V55: =(_xlfn.XLOOKUP(L55+K55,'DGI TABLE'!$A$2:$A$91,'DGI TABLE'!$G$2:$G$91)-_xlfn.XLOOKUP(L55+F55,'DGI TABLE'!$A$2:$A$91,'DGI TABLE'!$G$2:$G$91)+_xlfn.XLOOKUP(L55+F55,'DGI TABLE'!$A$2:$A$91,'DGI TABLE'!$C$2:$C$91))/_xlfn.XLOOKUP(L55+K55,'DGI TABLE'!$A$2:$A$91,'DGI TABLE'!$C$2:$C$91) -> 0.60005172 | W55: =(_xlfn.XLOOKUP(L55+K55,'DGI TABLE'!$A$2:$A$91,'DGI TABLE'!$D$2:$D$91)-_xlfn.XLOOKUP(L55+H55,'DGI TABLE'!$A$2:$A$91,'DGI TABLE'!$D$2:$D$91))/_xlfn.XLOOKUP(L55+K55,'DGI TABLE'!$A$2:$A$91,'DGI TABLE'!$C$2:$C$91) -> 7.5003516 | X55: =G55*(V55-(U55*W55)) -> 28125.698
A56: 55 | B56: SITI HAZIRAH BINTI AZIZ | C56: F | D56: 22 | E56: TNP | F56: 5 | G56: 120000 | H56: 3 | I56: None | J56: 0 | K56: 2 | L56: =IF(C56="F",D56-3,D56) -> 19 | M56: =(_xlfn.XLOOKUP(L56,'DGI TABLE'!$A$2:$A$91,'DGI TABLE'!$G$2:$G$91)-_xlfn.XLOOKUP(L56+F56,'DGI TABLE'!$A$2:$A$91,'DGI TABLE'!$G$2:$G$91))/_xlfn.XLOOKUP(L56,'DGI TABLE'!$A$2:$A$91,'DGI TABLE'!$C$2:$C$91) -> 0.0089183334 | N56: =(_xlfn.XLOOKUP(L56,'DGI TABLE'!$A$2:$A$91,'DGI TABLE'!$D$2:$D$91)-_xlfn.XLOOKUP(L56+H56,'DGI TABLE'!$A$2:$A$91,'DGI TABLE'!$D$2:$D$91))/_xlfn.XLOOKUP(L56,'DGI TABLE'!$A$2:$A$91,'DGI TABLE'!$C$2:$C$91) -> 2.8810216 | O56: =M56/N56 -> 0.0030955455 | P56: =(_xlfn.XLOOKUP(L56+1,'DGI TABLE'!$A$2:$A$91,'DGI TABLE'!$G$2:$G$91)-_xlfn.XLOOKUP(L56+F56,'DGI TABLE'!$A$2:$A$91,'DGI TABLE'!$G$2:$G$91)+_xlfn.XLOOKUP(L56+F56,'DGI TABLE'!$A$2:$A$91,'DGI TABLE'!$C$2:$C$91))/_xlfn.XLOOKUP(L56+1,'DGI TABLE'!$A$2:$A$91,'DGI TABLE'!$C$2:$C$91) -> 0.85522567 | Q56: =(_xlfn.XLOOKUP(L56+1,'DGI TABLE'!$A$2:$A$91,'DGI TABLE'!$D$2:$D$91)-_xlfn.XLOOKUP(L56+H56,'DGI TABLE'!$A$2:$A$91,'DGI TABLE'!$D$2:$D$91))/_xlfn.XLOOKUP(L56+1,'DGI TABLE'!$A$2:$A$91,'DGI TABLE'!$C$2:$C$91) -> 1.9597115 | R56: =_xlfn.XLOOKUP(L56,'DGI TABLE'!$A$2:$A$91,'DGI TABLE'!$F$2:$F$91)/_xlfn.XLOOKUP(L56,'DGI TABLE'!$A$2:$A$91,'DGI TABLE'!$C$2:$C$91) -> 0.0016923083 | S56: =P56/Q56 -> 0.43640385 | T56: =O56+0.03/N56 -> 0.013508519 | U56: =MIN(S56,T56) -> 0.013508519 | V56: =(_xlfn.XLOOKUP(L56+K56,'DGI TABLE'!$A$2:$A$91,'DGI TABLE'!$G$2:$G$91)-_xlfn.XLOOKUP(L56+F56,'DGI TABLE'!$A$2:$A$91,'DGI TABLE'!$G$2:$G$91)+_xlfn.XLOOKUP(L56+F56,'DGI TABLE'!$A$2:$A$91,'DGI TABLE'!$C$2:$C$91))/_xlfn.XLOOKUP(L56+K56,'DGI TABLE'!$A$2:$A$91,'DGI TABLE'!$C$2:$C$91) -> 0.88922423 | W56: =(_xlfn.XLOOKUP(L56+K56,'DGI TABLE'!$A$2:$A$91,'DGI TABLE'!$D$2:$D$91)-_xlfn.XLOOKUP(L56+H56,'DGI TABLE'!$A$2:$A$91,'DGI TABLE'!$D$2:$D$91))/_xlfn.XLOOKUP(L56+K56,'DGI TABLE'!$A$2:$A$91,'DGI TABLE'!$C$2:$C$91) -> 1 | X56: =G56*(V56-(U56*W56)) -> 105085.89
A57: 56 | B57: NURUL HUSNA BINTI SHAH | C57: F | D57: 25 | E57: TPC | F57: 15 | G57: 50000 | H57: 10 | I57: CRB | J57: 0.05 | K57: 4 | L57: =IF(C57="F",D57-3,D57) -> 22 | M57: =(_xlfn.XLOOKUP(L57,'DGI TABLE'!$A$2:$A$91,'DGI TABLE'!$G$2:$G$91)-_xlfn.XLOOKUP(L57+F57,'DGI TABLE'!$A$2:$A$91,'DGI TABLE'!$G$2:$G$91))/_xlfn.XLOOKUP(L57,'DGI TABLE'!$A$2:$A$91,'DGI TABLE'!$C$2:$C$91) -> 0.021648857 | N57: =(_xlfn.XLOOKUP(L57,'DGI TABLE'!$A$2:$A$91,'DGI TABLE'!$D$2:$D$91)-_xlfn.XLOOKUP(L57+H57,'DGI TABLE'!$A$2:$A$91,'DGI TABLE'!$D$2:$D$91))/_xlfn.XLOOKUP(L57,'DGI TABLE'!$A$2:$A$91,'DGI TABLE'!$C$2:$C$91) -> 8.3628712 | O57: =M57/N57 -> 0.0025886871 | P57: =(_xlfn.XLOOKUP(L57+1,'DGI TABLE'!$A$2:$A$91,'DGI TABLE'!$G$2:$G$91)-_xlfn.XLOOKUP(L57+F57,'DGI TABLE'!$A$2:$A$91,'DGI TABLE'!$G$2:$G$91)+_xlfn.XLOOKUP(L57+F57,'DGI TABLE'!$A$2:$A$91,'DGI TABLE'!$C$2:$C$91))/_xlfn.XLOOKUP(L57+1,'DGI TABLE'!$A$2:$A$91,'DGI TABLE'!$C$2:$C$91) -> 0.58233395 | Q57: =(_xlfn.XLOOKUP(L57+1,'DGI TABLE'!$A$2:$A$91,'DGI TABLE'!$D$2:$D$91)-_xlfn.XLOOKUP(L57+H57,'DGI TABLE'!$A$2:$A$91,'DGI TABLE'!$D$2:$D$91))/_xlfn.XLOOKUP(L57+1,'DGI TABLE'!$A$2:$A$91,'DGI TABLE'!$C$2:$C$91) -> 7.6741925 | R57: =_xlfn.XLOOKUP(L57,'DGI TABLE'!$A$2:$A$91,'DGI TABLE'!$F$2:$F$91)/_xlfn.XLOOKUP(L57,'DGI TABLE'!$A$2:$A$91,'DGI TABLE'!$C$2:$C$91) -> 0.0021057684 | S57: =P57/Q57 -> 0.075882114 | T57: =O57+0.03/N57 -> 0.0061759718 | U57: =MIN(S57,T57) -> 0.0061759718 | V57: =(_xlfn.XLOOKUP(L57+K57,'DGI TABLE'!$A$2:$A$91,'DGI TABLE'!$G$2:$G$91)-_xlfn.XLOOKUP(L57+F57,'DGI TABLE'!$A$2:$A$91,'DGI TABLE'!$G$2:$G$91)+_xlfn.XLOOKUP(L57+F57,'DGI TABLE'!$A$2:$A$91,'DGI TABLE'!$C$2:$C$91))/_xlfn.XLOOKUP(L57+K57,'DGI TABLE'!$A$2:$A$91,'DGI TABLE'!$C$2:$C$91) -> 0.65258992 | W57: =(_xlfn.XLOOKUP(L57+K57,'DGI TABLE'!$A$2:$A$91,'DGI TABLE'!$D$2:$D$91)-_xlfn.XLOOKUP(L57+H57,'DGI TABLE'!$A$2:$A$91,'DGI TABLE'!$D$2:$D$91))/_xlfn.XLOOKUP(L57+K57,'DGI TABLE'!$A$2:$A$91,'DGI TABLE'!$C$2:$C$91) -> 5.4270544 | X57: =G57*((((1+J57)^(K57-1))*V57)-(U57*W57)) -> 36096.854
A58: 57 | B58: NUR SHAFIQAH BINTI MAHADI | C58: F | D58: 19 | E58: TPC | F58: 10 | G58: 200000 | H58: 5 | I58: CRB | J58: 0.05 | K58: 3 | L58: =IF(C58="F",D58-3,D58) -> 16 | M58: =(_xlfn.XLOOKUP(L58,'DGI TABLE'!$A$2:$A$91,'DGI TABLE'!$G$2:$G$91)-_xlfn.XLOOKUP(L58+F58,'DGI TABLE'!$A$2:$A$91,'DGI TABLE'!$G$2:$G$91))/_xlfn.XLOOKUP(L58,'DGI TABLE'!$A$2:$A$91,'DGI TABLE'!$C$2:$C$91) -> 0.014996853 | N58: =(_xlfn.XLOOKUP(L58,'DGI TABLE'!$A$2:$A$91,'DGI TABLE'!$D$2:$D$91)-_xlfn.XLOOKUP(L58+H58,'DGI TABLE'!$A$2:$A$91,'DGI TABLE'!$D$2:$D$91))/_xlfn.XLOOKUP(L58,'DGI TABLE'!$A$2:$A$91,'DGI TABLE'!$C$2:$C$91) -> 4.6160885 | O58: =M58/N58 -> 0.0032488227 | P58: =(_xlfn.XLOOKUP(L58+1,'DGI TABLE'!$A$2:$A$91,'DGI TABLE'!$G$2:$G$91)-_xlfn.XLOOKUP(L58+F58,'DGI TABLE'!$A$2:$A$91,'DGI TABLE'!$G$2:$G$91)+_xlfn.XLOOKUP(L58+F58,'DGI TABLE'!$A$2:$A$91,'DGI TABLE'!$C$2:$C$91))/_xlfn.XLOOKUP(L58+1,'DGI TABLE'!$A$2:$A$91,'DGI TABLE'!$C$2:$C$91) -> 0.70457949 | Q58: =(_xlfn.XLOOKUP(L58+1,'DGI TABLE'!$A$2:$A$91,'DGI TABLE'!$D$2:$D$91)-_xlfn.XLOOKUP(L58+H58,'DGI TABLE'!$A$2:$A$91,'DGI TABLE'!$D$2:$D$91))/_xlfn.XLOOKUP(L58+1,'DGI TABLE'!$A$2:$A$91,'DGI TABLE'!$C$2:$C$91) -> 3.7663062 | R58: =_xlfn.XLOOKUP(L58,'DGI TABLE'!$A$2:$A$91,'DGI TABLE'!$F$2:$F$91)/_xlfn.XLOOKUP(L58,'DGI TABLE'!$A$2:$A$91,'DGI TABLE'!$C$2:$C$91) -> 0.0014230777 | S58: =P58/Q58 -> 0.18707441 | T58: =O58+0.03/N58 -> 0.0097478316 | U58: =MIN(S58,T58) -> 0.0097478316 | V58: =(_xlfn.XLOOKUP(L58+K58,'DGI TABLE'!$A$2:$A$91,'DGI TABLE'!$G$2:$G$91)-_xlfn.XLOOKUP(L58+F58,'DGI TABLE'!$A$2:$A$91,'DGI TABLE'!$G$2:$G$91)+_xlfn.XLOOKUP(L58+F58,'DGI TABLE'!$A$2:$A$91,'DGI TABLE'!$C$2:$C$91))/_xlfn.XLOOKUP(L58+K58,'DGI TABLE'!$A$2:$A$91,'DGI TABLE'!$C$2:$C$91) -> 0.76125535 | W58: =(_xlfn.XLOOKUP(L58+K58,'DGI TABLE'!$A$2:$A$91,'DGI TABLE'!$D$2:$D$91)-_xlfn.XLOOKUP(L58+H58,'DGI TABLE'!$A$2:$A$91,'DGI TABLE'!$D$2:$D$91))/_xlfn.XLOOKUP(L58+K58,'DGI TABLE'!$A$2:$A$91,'DGI TABLE'!$C$2:$C$91) -> 1.9598461 | X58: =G58*((((1+J58)^(K58-1))*V58)-(U58*W58)) -> 164035.96
A59: 58 | B59: NUR HAFIZAH BINTI ZULKIFLI | C59: F | D59: 28 | E59: TPC | F59: 15 | G59: 180000 | H59: 10 | I59: CRB | J59: 0.05 | K59: 1 | L59: =IF(C59="F",D59-3,D59) -> 25 | M59: =(_xlfn.XLOOKUP(L59,'DGI TABLE'!$A$2:$A$91,'DGI TABLE'!$G$2:$G$91)-_xlfn.XLOOKUP(L59+F59,'DGI TABLE'!$A$2:$A$91,'DGI TABLE'!$G$2:$G$91))/_xlfn.XLOOKUP(L59,'DGI TABLE'!$A$2:$A$91,'DGI TABLE'!$C$2:$C$91) -> 0.021779315 | N59: =(_xlfn.XLOOKUP(L59,'DGI TABLE'!$A$2:$A$91,'DGI TABLE'!$D$2:$D$91)-_xlfn.XLOOKUP(L59+H59,'DGI TABLE'!$A$2:$A$91,'DGI TABLE'!$D$2:$D$91))/_xlfn.XLOOKUP(L59,'DGI TABLE'!$A$2:$A$91,'DGI TABLE'!$C$2:$C$91) -> 8.368315 | O59: =M59/N59 -> 0.0026025926 | P59: =(_xlfn.XLOOKUP(L59+1,'DGI TABLE'!$A$2:$A$91,'DGI TABLE'!$G$2:$G$91)-_xlfn.XLOOKUP(L59+F59,'DGI TABLE'!$A$2:$A$91,'DGI TABLE'!$G$2:$G$91)+_xlfn.XLOOKUP(L59+F59,'DGI TABLE'!$A$2:$A$91,'DGI TABLE'!$C$2:$C$91))/_xlfn.XLOOKUP(L59+1,'DGI TABLE'!$A$2:$A$91,'DGI TABLE'!$C$2:$C$91) -> 0.58213295 | Q59: =(_xlfn.XLOOKUP(L59+1,'DGI TABLE'!$A$2:$A$91,'DGI TABLE'!$D$2:$D$91)-_xlfn.XLOOKUP(L59+H59,'DGI TABLE'!$A$2:$A$91,'DGI TABLE'!$D$2:$D$91))/_xlfn.XLOOKUP(L59+1,'DGI TABLE'!$A$2:$A$91,'DGI TABLE'!$C$2:$C$91) -> 7.6787121 | R59: =_xlfn.XLOOKUP(L59,'DGI TABLE'!$A$2:$A$91,'DGI TABLE'!$F$2:$F$91)/_xlfn.XLOOKUP(L59,'DGI TABLE'!$A$2:$A$91,'DGI TABLE'!$C$2:$C$91) -> 0.0019615398 | S59: =P59/Q59 -> 0.075811274 | T59: =O59+0.03/N59 -> 0.0061875438 | U59: =MIN(S59,T59) -> 0.0061875438 | V59: =(_xlfn.XLOOKUP(L59+K59,'DGI TABLE'!$A$2:$A$91,'DGI TABLE'!$G$2:$G$91)-_xlfn.XLOOKUP(L59+F59,'DGI TABLE'!$A$2:$A$91,'DGI TABLE'!$G$2:$G$91)+_xlfn.XLOOKUP(L59+F59,'DGI TABLE'!$A$2:$A$91,'DGI TABLE'!$C$2:$C$91))/_xlfn.XLOOKUP(L59+K59,'DGI TABLE'!$A$2:$A$91,'DGI TABLE'!$C$2:$C$91) -> 0.58213295 | W59: =(_xlfn.XLOOKUP(L59+K59,'DGI TABLE'!$A$2:$A$91,'DGI TABLE'!$D$2:$D$91)-_xlfn.XLOOKUP(L59+H59,'DGI TABLE'!$A$2:$A$91,'DGI TABLE'!$D$2:$D$91))/_xlfn.XLOOKUP(L59+K59,'DGI TABLE'!$A$2:$A$91,'DGI TABLE'!$C$2:$C$91) -> 7.6787121 | X59: =G59*((((1+J59)^(K59-1))*V59)-(U59*W59)) -> 96231.705
A60: 59 | B60: NUR AFIQAH BINTI ZAIDI | C60: F | D60: 21 | E60: TPC | F60: 10 | G60: 100000 | H60: 5 | I60: CRB | J60: 0.05 | K60: 2 | L60: =IF(C60="F",D60-3,D60) -> 18 | M60: =(_xlfn.XLOOKUP(L60,'DGI TABLE'!$A$2:$A$91,'DGI TABLE'!$G$2:$G$91)-_xlfn.XLOOKUP(L60+F60,'DGI TABLE'!$A$2:$A$91,'DGI TABLE'!$G$2:$G$91))/_xlfn.XLOOKUP(L60,'DGI TABLE'!$A$2:$A$91,'DGI TABLE'!$C$2:$C$91) -> 0.015826742 | N60: =(_xlfn.XLOOKUP(L60,'DGI TABLE'!$A$2:$A$91,'DGI TABLE'!$D$2:$D$91)-_xlfn.XLOOKUP(L60+H60,'DGI TABLE'!$A$2:$A$91,'DGI TABLE'!$D$2:$D$91))/_xlfn.XLOOKUP(L60,'DGI TABLE'!$A$2:$A$91,'DGI TABLE'!$C$2:$C$91) -> 4.6142277 | O60: =M60/N60 -> 0.0034299871 | P60: =(_xlfn.XLOOKUP(L60+1,'DGI TABLE'!$A$2:$A$91,'DGI TABLE'!$G$2:$G$91)-_xlfn.XLOOKUP(L60+F60,'DGI TABLE'!$A$2:$A$91,'DGI TABLE'!$G$2:$G$91)+_xlfn.XLOOKUP(L60+F60,'DGI TABLE'!$A$2:$A$91,'DGI TABLE'!$C$2:$C$91))/_xlfn.XLOOKUP(L60+1,'DGI TABLE'!$A$2:$A$91,'DGI TABLE'!$C$2:$C$91) -> 0.70479115 | Q60: =(_xlfn.XLOOKUP(L60+1,'DGI TABLE'!$A$2:$A$91,'DGI TABLE'!$D$2:$D$91)-_xlfn.XLOOKUP(L60+H60,'DGI TABLE'!$A$2:$A$91,'DGI TABLE'!$D$2:$D$91))/_xlfn.XLOOKUP(L60+1,'DGI TABLE'!$A$2:$A$91,'DGI TABLE'!$C$2:$C$91) -> 3.7649337 | R60: =_xlfn.XLOOKUP(L60,'DGI TABLE'!$A$2:$A$91,'DGI TABLE'!$F$2:$F$91)/_xlfn.XLOOKUP(L60,'DGI TABLE'!$A$2:$A$91,'DGI TABLE'!$C$2:$C$91) -> 0.0015673083 | S60: =P60/Q60 -> 0.18719882 | T60: =O60+0.03/N60 -> 0.0099316168 | U60: =MIN(S60,T60) -> 0.0099316168 | V60: =(_xlfn.XLOOKUP(L60+K60,'DGI TABLE'!$A$2:$A$91,'DGI TABLE'!$G$2:$G$91)-_xlfn.XLOOKUP(L60+F60,'DGI TABLE'!$A$2:$A$91,'DGI TABLE'!$G$2:$G$91)+_xlfn.XLOOKUP(L60+F60,'DGI TABLE'!$A$2:$A$91,'DGI TABLE'!$C$2:$C$91))/_xlfn.XLOOKUP(L60+K60,'DGI TABLE'!$A$2:$A$91,'DGI TABLE'!$C$2:$C$91) -> 0.73251201 | W60: =(_xlfn.XLOOKUP(L60+K60,'DGI TABLE'!$A$2:$A$91,'DGI TABLE'!$D$2:$D$91)-_xlfn.XLOOKUP(L60+H60,'DGI TABLE'!$A$2:$A$91,'DGI TABLE'!$D$2:$D$91))/_xlfn.XLOOKUP(L60+K60,'DGI TABLE'!$A$2:$A$91,'DGI TABLE'!$C$2:$C$91) -> 2.8806009 | X60: =G60*((((1+J60)^(K60-1))*V60)-(U60*W60)) -> 74052.859
A61: 60 | B61: NUR RAIHANA BINTI HISHAM | C61: F | D61: 54 | E61: TPC | F61: 10 | G61: 75000 | H61: 5 | I61: CRB | J61: 0.05 | K61: 2 | L61: =IF(C61="F",D61-3,D61) -> 51 | M61: =(_xlfn.XLOOKUP(L61,'DGI TABLE'!$A$2:$A$91,'DGI TABLE'!$G$2:$G$91)-_xlfn.XLOOKUP(L61+F61,'DGI TABLE'!$A$2:$A$91,'DGI TABLE'!$G$2:$G$91))/_xlfn.XLOOKUP(L61,'DGI TABLE'!$A$2:$A$91,'DGI TABLE'!$C$2:$C$91) -> 0.081960463 | N61: =(_xlfn.XLOOKUP(L61,'DGI TABLE'!$A$2:$A$91,'DGI TABLE'!$D$2:$D$91)-_xlfn.XLOOKUP(L61+H61,'DGI TABLE'!$A$2:$A$91,'DGI TABLE'!$D$2:$D$91))/_xlfn.XLOOKUP(L61,'DGI TABLE'!$A$2:$A$91,'DGI TABLE'!$C$2:$C$91) -> 4.5600261 | O61: =M61/N61 -> 0.017973683 | P61: =(_xlfn.XLOOKUP(L61+1,'DGI TABLE'!$A$2:$A$91,'DGI TABLE'!$G$2:$G$91)-_xlfn.XLOOKUP(L61+F61,'DGI TABLE'!$A$2:$A$91,'DGI TABLE'!$G$2:$G$91)+_xlfn.XLOOKUP(L61+F61,'DGI TABLE'!$A$2:$A$91,'DGI TABLE'!$C$2:$C$91))/_xlfn.XLOOKUP(L61+1,'DGI TABLE'!$A$2:$A$91,'DGI TABLE'!$C$2:$C$91) -> 0.71316862 | Q61: =(_xlfn.XLOOKUP(L61+1,'DGI TABLE'!$A$2:$A$91,'DGI TABLE'!$D$2:$D$91)-_xlfn.XLOOKUP(L61+H61,'DGI TABLE'!$A$2:$A$91,'DGI TABLE'!$D$2:$D$91))/_xlfn.XLOOKUP(L61+1,'DGI TABLE'!$A$2:$A$91,'DGI TABLE'!$C$2:$C$91) -> 3.7293152 | R61: =_xlfn.XLOOKUP(L61,'DGI TABLE'!$A$2:$A$91,'DGI TABLE'!$F$2:$F$91)/_xlfn.XLOOKUP(L61,'DGI TABLE'!$A$2:$A$91,'DGI TABLE'!$C$2:$C$91) -> 0.0069326961 | S61: =P61/Q61 -> 0.19123313 | T61: =O61+0.03/N61 -> 0.024552593 | U61: =MIN(S61,T61) -> 0.024552593 | V61: =(_xlfn.XLOOKUP(L61+K61,'DGI TABLE'!$A$2:$A$91,'DGI TABLE'!$G$2:$G$91)-_xlfn.XLOOKUP(L61+F61,'DGI TABLE'!$A$2:$A$91,'DGI TABLE'!$G$2:$G$91)+_xlfn.XLOOKUP(L61+F61,'DGI TABLE'!$A$2:$A$91,'DGI TABLE'!$C$2:$C$91))/_xlfn.XLOOKUP(L61+K61,'DGI TABLE'!$A$2:$A$91,'DGI TABLE'!$C$2:$C$91) -> 0.73963854 | W61: =(_xlfn.XLOOKUP(L61+K61,'DGI TABLE'!$A$2:$A$91,'DGI TABLE'!$D$2:$D$91)-_xlfn.XLOOKUP(L61+H61,'DGI TABLE'!$A$2:$A$91,'DGI TABLE'!$D$2:$D$91))/_xlfn.XLOOKUP(L61+K61,'DGI TABLE'!$A$2:$A$91,'DGI TABLE'!$C$2:$C$91) -> 2.8610906 | X61: =G61*((((1+J61)^(K61-1))*V61)-(U61*W61)) -> 52977.995
A62: 61 | B62: MUHAMMAD AFIQ BIN ZUL | C62: M | D62: 40 | E62: TPC | F62: 10 | G62: 75000 | H62: 5 | I62: CRB | J62: 0.05 | K62: 3 | L62: =IF(C62="F",D62-3,D62) -> 40 | M62: =(_xlfn.XLOOKUP(L62,'DGI TABLE'!$A$2:$A$91,'DGI TABLE'!$G$2:$G$91)-_xlfn.XLOOKUP(L62+F62,'DGI TABLE'!$A$2:$A$91,'DGI TABLE'!$G$2:$G$91))/_xlfn.XLOOKUP(L62,'DGI TABLE'!$A$2:$A$91,'DGI TABLE'!$C$2:$C$91) -> 0.032180051 | N62: =(_xlfn.XLOOKUP(L62,'DGI TABLE'!$A$2:$A$91,'DGI TABLE'!$D$2:$D$91)-_xlfn.XLOOKUP(L62+H62,'DGI TABLE'!$A$2:$A$91,'DGI TABLE'!$D$2:$D$91))/_xlfn.XLOOKUP(L62,'DGI TABLE'!$A$2:$A$91,'DGI TABLE'!$C$2:$C$91) -> 4.6037367 | O62: =M62/N62 -> 0.0069899852 | P62: =(_xlfn.XLOOKUP(L62+1,'DGI TABLE'!$A$2:$A$91,'DGI TABLE'!$G$2:$G$91)-_xlfn.XLOOKUP(L62+F62,'DGI TABLE'!$A$2:$A$91,'DGI TABLE'!$G$2:$G$91)+_xlfn.XLOOKUP(L62+F62,'DGI TABLE'!$A$2:$A$91,'DGI TABLE'!$C$2:$C$91))/_xlfn.XLOOKUP(L62+1,'DGI TABLE'!$A$2:$A$91,'DGI TABLE'!$C$2:$C$91) -> 0.70659936 | Q62: =(_xlfn.XLOOKUP(L62+1,'DGI TABLE'!$A$2:$A$91,'DGI TABLE'!$D$2:$D$91)-_xlfn.XLOOKUP(L62+H62,'DGI TABLE'!$A$2:$A$91,'DGI TABLE'!$D$2:$D$91))/_xlfn.XLOOKUP(L62+1,'DGI TABLE'!$A$2:$A$91,'DGI TABLE'!$C$2:$C$91) -> 3.758108 | R62: =_xlfn.XLOOKUP(L62,'DGI TABLE'!$A$2:$A$91,'DGI TABLE'!$F$2:$F$91)/_xlfn.XLOOKUP(L62,'DGI TABLE'!$A$2:$A$91,'DGI TABLE'!$C$2:$C$91) -> 0.0026153851 | S62: =P62/Q62 -> 0.18801997 | T62: =O62+0.03/N62 -> 0.013506431 | U62: =MIN(S62,T62) -> 0.013506431 | V62: =(_xlfn.XLOOKUP(L62+K62,'DGI TABLE'!$A$2:$A$91,'DGI TABLE'!$G$2:$G$91)-_xlfn.XLOOKUP(L62+F62,'DGI TABLE'!$A$2:$A$91,'DGI TABLE'!$G$2:$G$91)+_xlfn.XLOOKUP(L62+F62,'DGI TABLE'!$A$2:$A$91,'DGI TABLE'!$C$2:$C$91))/_xlfn.XLOOKUP(L62+K62,'DGI TABLE'!$A$2:$A$91,'DGI TABLE'!$C$2:$C$91) -> 0.76269058 | W62: =(_xlfn.XLOOKUP(L62+K62,'DGI TABLE'!$A$2:$A$91,'DGI TABLE'!$D$2:$D$91)-_xlfn.XLOOKUP(L62+H62,'DGI TABLE'!$A$2:$A$91,'DGI TABLE'!$D$2:$D$91))/_xlfn.XLOOKUP(L62+K62,'DGI TABLE'!$A$2:$A$91,'DGI TABLE'!$C$2:$C$91) -> 1.9581827 | X62: =G62*((((1+J62)^(K62-1))*V62)-(U62*W62)) -> 61081.373
A63: 62 | B63: MUHAMMAD SHAHMI BIN AZIZ | C63: M | D63: 36 | E63: TPC | F63: 10 | G63: 50000 | H63: 5 | I63: CRB | J63: 0.05 | K63: 3 | L63: =IF(C63="F",D63-3,D63) -> 36 | M63: =(_xlfn.XLOOKUP(L63,'DGI TABLE'!$A$2:$A$91,'DGI TABLE'!$G$2:$G$91)-_xlfn.XLOOKUP(L63+F63,'DGI TABLE'!$A$2:$A$91,'DGI TABLE'!$G$2:$G$91))/_xlfn.XLOOKUP(L63,'DGI TABLE'!$A$2:$A$91,'DGI TABLE'!$C$2:$C$91) -> 0.023201902 | N63: =(_xlfn.XLOOKUP(L63,'DGI TABLE'!$A$2:$A$91,'DGI TABLE'!$D$2:$D$91)-_xlfn.XLOOKUP(L63+H63,'DGI TABLE'!$A$2:$A$91,'DGI TABLE'!$D$2:$D$91))/_xlfn.XLOOKUP(L63,'DGI TABLE'!$A$2:$A$91,'DGI TABLE'!$C$2:$C$91) -> 4.6098037 | O63: =M63/N63 -> 0.0050331648 | P63: =(_xlfn.XLOOKUP(L63+1,'DGI TABLE'!$A$2:$A$91,'DGI TABLE'!$G$2:$G$91)-_xlfn.XLOOKUP(L63+F63,'DGI TABLE'!$A$2:$A$91,'DGI TABLE'!$G$2:$G$91)+_xlfn.XLOOKUP(L63+F63,'DGI TABLE'!$A$2:$A$91,'DGI TABLE'!$C$2:$C$91))/_xlfn.XLOOKUP(L63+1,'DGI TABLE'!$A$2:$A$91,'DGI TABLE'!$C$2:$C$91) -> 0.70550854 | Q63: =(_xlfn.XLOOKUP(L63+1,'DGI TABLE'!$A$2:$A$91,'DGI TABLE'!$D$2:$D$91)-_xlfn.XLOOKUP(L63+H63,'DGI TABLE'!$A$2:$A$91,'DGI TABLE'!$D$2:$D$91))/_xlfn.XLOOKUP(L63+1,'DGI TABLE'!$A$2:$A$91,'DGI TABLE'!$C$2:$C$91) -> 3.7622471 | R63: =_xlfn.XLOOKUP(L63,'DGI TABLE'!$A$2:$A$91,'DGI TABLE'!$F$2:$F$91)/_xlfn.XLOOKUP(L63,'DGI TABLE'!$A$2:$A$91,'DGI TABLE'!$C$2:$C$91) -> 0.0020576944 | S63: =P63/Q63 -> 0.18752318 | T63: =O63+0.03/N63 -> 0.011541034 | U63: =MIN(S63,T63) -> 0.011541034 | V63: =(_xlfn.XLOOKUP(L63+K63,'DGI TABLE'!$A$2:$A$91,'DGI TABLE'!$G$2:$G$91)-_xlfn.XLOOKUP(L63+F63,'DGI TABLE'!$A$2:$A$91,'DGI TABLE'!$G$2:$G$91)+_xlfn.XLOOKUP(L63+F63,'DGI TABLE'!$A$2:$A$91,'DGI TABLE'!$C$2:$C$91))/_xlfn.XLOOKUP(L63+K63,'DGI TABLE'!$A$2:$A$91,'DGI TABLE'!$C$2:$C$91) -> 0.76188169 | W63: =(_xlfn.XLOOKUP(L63+K63,'DGI TABLE'!$A$2:$A$91,'DGI TABLE'!$D$2:$D$91)-_xlfn.XLOOKUP(L63+H63,'DGI TABLE'!$A$2:$A$91,'DGI TABLE'!$D$2:$D$91))/_xlfn.XLOOKUP(L63+K63,'DGI TABLE'!$A$2:$A$91,'DGI TABLE'!$C$2:$C$91) -> 1.9590962 | X63: =G63*((((1+J63)^(K63-1))*V63)-(U63*W63)) -> 40868.228
A64: 63 | B64: SITI NURSYAHIRAH BINTI YUSOF | C64: F | D64: 45 | E64: TPC | F64: 5 | G64: 60000 | H64: 3 | I64: CRB | J64: 0.05 | K64: 1 | L64: =IF(C64="F",D64-3,D64) -> 42 | M64: =(_xlfn.XLOOKUP(L64,'DGI TABLE'!$A$2:$A$91,'DGI TABLE'!$G$2:$G$91)-_xlfn.XLOOKUP(L64+F64,'DGI TABLE'!$A$2:$A$91,'DGI TABLE'!$G$2:$G$91))/_xlfn.XLOOKUP(L64,'DGI TABLE'!$A$2:$A$91,'DGI TABLE'!$C$2:$C$91) -> 0.016935571 | N64: =(_xlfn.XLOOKUP(L64,'DGI TABLE'!$A$2:$A$91,'DGI TABLE'!$D$2:$D$91)-_xlfn.XLOOKUP(L64+H64,'DGI TABLE'!$A$2:$A$91,'DGI TABLE'!$D$2:$D$91))/_xlfn.XLOOKUP(L64,'DGI TABLE'!$A$2:$A$91,'DGI TABLE'!$C$2:$C$91) -> 2.8768616 | O64: =M64/N64 -> 0.0058868214 | P64: =(_xlfn.XLOOKUP(L64+1,'DGI TABLE'!$A$2:$A$91,'DGI TABLE'!$G$2:$G$91)-_xlfn.XLOOKUP(L64+F64,'DGI TABLE'!$A$2:$A$91,'DGI TABLE'!$G$2:$G$91)+_xlfn.XLOOKUP(L64+F64,'DGI TABLE'!$A$2:$A$91,'DGI TABLE'!$C$2:$C$91))/_xlfn.XLOOKUP(L64+1,'DGI TABLE'!$A$2:$A$91,'DGI TABLE'!$C$2:$C$91) -> 0.85558515 | Q64: =(_xlfn.XLOOKUP(L64+1,'DGI TABLE'!$A$2:$A$91,'DGI TABLE'!$D$2:$D$91)-_xlfn.XLOOKUP(L64+H64,'DGI TABLE'!$A$2:$A$91,'DGI TABLE'!$D$2:$D$91))/_xlfn.XLOOKUP(L64+1,'DGI TABLE'!$A$2:$A$91,'DGI TABLE'!$C$2:$C$91) -> 1.9581827 | R64: =_xlfn.XLOOKUP(L64,'DGI TABLE'!$A$2:$A$91,'DGI TABLE'!$F$2:$F$91)/_xlfn.XLOOKUP(L64,'DGI TABLE'!$A$2:$A$91,'DGI TABLE'!$C$2:$C$91) -> 0.0030673055 | S64: =P64/Q64 -> 0.43692815 | T64: =O64+0.03/N64 -> 0.016314852 | U64: =MIN(S64,T64) -> 0.016314852 | V64: =(_xlfn.XLOOKUP(L64+K64,'DGI TABLE'!$A$2:$A$91,'DGI TABLE'!$G$2:$G$91)-_xlfn.XLOOKUP(L64+F64,'DGI TABLE'!$A$2:$A$91,'DGI TABLE'!$G$2:$G$91)+_xlfn.XLOOKUP(L64+F64,'DGI TABLE'!$A$2:$A$91,'DGI TABLE'!$C$2:$C$91))/_xlfn.XLOOKUP(L64+K64,'DGI TABLE'!$A$2:$A$91,'DGI TABLE'!$C$2:$C$91) -> 0.85558515 | W64: =(_xlfn.XLOOKUP(L64+K64,'DGI TABLE'!$A$2:$A$91,'DGI TABLE'!$D$2:$D$91)-_xlfn.XLOOKUP(L64+H64,'DGI TABLE'!$A$2:$A$91,'DGI TABLE'!$D$2:$D$91))/_xlfn.XLOOKUP(L64+K64,'DGI TABLE'!$A$2:$A$91,'DGI TABLE'!$C$2:$C$91) -> 1.9581827 | X64: =G64*((((1+J64)^(K64-1))*V64)-(U64*W64)) -> 49418.262
A65: 64 | B65: MUHAMMAD IQBAL BIN RAHMAN | C65: M | D65: 18 | E65: TPC | F65: 10 | G65: 50000 | H65: 5 | I65: CRB | J65: 0.05 | K65: 2 | L65: =IF(C65="F",D65-3,D65) -> 18 | M65: =(_xlfn.XLOOKUP(L65,'DGI TABLE'!$A$2:$A$91,'DGI TABLE'!$G$2:$G$91)-_xlfn.XLOOKUP(L65+F65,'DGI TABLE'!$A$2:$A$91,'DGI TABLE'!$G$2:$G$91))/_xlfn.XLOOKUP(L65,'DGI TABLE'!$A$2:$A$91,'DGI TABLE'!$C$2:$C$91) -> 0.015826742 | N65: =(_xlfn.XLOOKUP(L65,'DGI TABLE'!$A$2:$A$91,'DGI TABLE'!$D$2:$D$91)-_xlfn.XLOOKUP(L65+H65,'DGI TABLE'!$A$2:$A$91,'DGI TABLE'!$D$2:$D$91))/_xlfn.XLOOKUP(L65,'DGI TABLE'!$A$2:$A$91,'DGI TABLE'!$C$2:$C$91) -> 4.6142277 | O65: =M65/N65 -> 0.0034299871 | P65: =(_xlfn.XLOOKUP(L65+1,'DGI TABLE'!$A$2:$A$91,'DGI TABLE'!$G$2:$G$91)-_xlfn.XLOOKUP(L65+F65,'DGI TABLE'!$A$2:$A$91,'DGI TABLE'!$G$2:$G$91)+_xlfn.XLOOKUP(L65+F65,'DGI TABLE'!$A$2:$A$91,'DGI TABLE'!$C$2:$C$91))/_xlfn.XLOOKUP(L65+1,'DGI TABLE'!$A$2:$A$91,'DGI TABLE'!$C$2:$C$91) -> 0.70479115 | Q65: =(_xlfn.XLOOKUP(L65+1,'DGI TABLE'!$A$2:$A$91,'DGI TABLE'!$D$2:$D$91)-_xlfn.XLOOKUP(L65+H65,'DGI TABLE'!$A$2:$A$91,'DGI TABLE'!$D$2:$D$91))/_xlfn.XLOOKUP(L65+1,'DGI TABLE'!$A$2:$A$91,'DGI TABLE'!$C$2:$C$91) -> 3.7649337 | R65: =_xlfn.XLOOKUP(L65,'DGI TABLE'!$A$2:$A$91,'DGI TABLE'!$F$2:$F$91)/_xlfn.XLOOKUP(L65,'DGI TABLE'!$A$2:$A$91,'DGI TABLE'!$C$2:$C$91) -> 0.0015673083 | S65: =P65/Q65 -> 0.18719882 | T65: =O65+0.03/N65 -> 0.0099316168 | U65: =MIN(S65,T65) -> 0.0099316168 | V65: =(_xlfn.XLOOKUP(L65+K65,'DGI TABLE'!$A$2:$A$91,'DGI TABLE'!$G$2:$G$91)-_xlfn.XLOOKUP(L65+F65,'DGI TABLE'!$A$2:$A$91,'DGI TABLE'!$G$2:$G$91)+_xlfn.XLOOKUP(L65+F65,'DGI TABLE'!$A$2:$A$91,'DGI TABLE'!$C$2:$C$91))/_xlfn.XLOOKUP(L65+K65,'DGI TABLE'!$A$2:$A$91,'DGI TABLE'!$C$2:$C$91) -> 0.73251201 | W65: =(_xlfn.XLOOKUP(L65+K65,'DGI TABLE'!$A$2:$A$91,'DGI TABLE'!$D$2:$D$91)-_xlfn.XLOOKUP(L65+H65,'DGI TABLE'!$A$2:$A$91,'DGI TABLE'!$D$2:$D$91))/_xlfn.XLOOKUP(L65+K65,'DGI TABLE'!$A$2:$A$91,'DGI TABLE'!$C$2:$C$91) -> 2.8806009 | X65: =G65*((((1+J65)^(K65-1))*V65)-(U65*W65)) -> 37026.429
A66: 65 | B66: MUHAMMAD ARIF BIN SALLEH | C66: M | D66: 47 | E66: TPC | F66: 5 | G66: 50000 | H66: 3 | I66: CRB | J66: 0.05 | K66: 1 | L66: =IF(C66="F",D66-3,D66) -> 47 | M66: =(_xlfn.XLOOKUP(L66,'DGI TABLE'!$A$2:$A$91,'DGI TABLE'!$G$2:$G$91)-_xlfn.XLOOKUP(L66+F66,'DGI TABLE'!$A$2:$A$91,'DGI TABLE'!$G$2:$G$91))/_xlfn.XLOOKUP(L66,'DGI TABLE'!$A$2:$A$91,'DGI TABLE'!$C$2:$C$91) -> 0.026576054 | N66: =(_xlfn.XLOOKUP(L66,'DGI TABLE'!$A$2:$A$91,'DGI TABLE'!$D$2:$D$91)-_xlfn.XLOOKUP(L66+H66,'DGI TABLE'!$A$2:$A$91,'DGI TABLE'!$D$2:$D$91))/_xlfn.XLOOKUP(L66,'DGI TABLE'!$A$2:$A$91,'DGI TABLE'!$C$2:$C$91) -> 2.8714921 | O66: =M66/N66 -> 0.0092551375 | P66: =(_xlfn.XLOOKUP(L66+1,'DGI TABLE'!$A$2:$A$91,'DGI TABLE'!$G$2:$G$91)-_xlfn.XLOOKUP(L66+F66,'DGI TABLE'!$A$2:$A$91,'DGI TABLE'!$G$2:$G$91)+_xlfn.XLOOKUP(L66+F66,'DGI TABLE'!$A$2:$A$91,'DGI TABLE'!$C$2:$C$91))/_xlfn.XLOOKUP(L66+1,'DGI TABLE'!$A$2:$A$91,'DGI TABLE'!$C$2:$C$91) -> 0.85603472 | Q66: =(_xlfn.XLOOKUP(L66+1,'DGI TABLE'!$A$2:$A$91,'DGI TABLE'!$D$2:$D$91)-_xlfn.XLOOKUP(L66+H66,'DGI TABLE'!$A$2:$A$91,'DGI TABLE'!$D$2:$D$91))/_xlfn.XLOOKUP(L66+1,'DGI TABLE'!$A$2:$A$91,'DGI TABLE'!$C$2:$C$91) -> 1.9562307 | R66: =_xlfn.XLOOKUP(L66,'DGI TABLE'!$A$2:$A$91,'DGI TABLE'!$F$2:$F$91)/_xlfn.XLOOKUP(L66,'DGI TABLE'!$A$2:$A$91,'DGI TABLE'!$C$2:$C$91) -> 0.0048557714 | S66: =P66/Q66 -> 0.43759395 | T66: =O66+0.03/N66 -> 0.019702668 | U66: =MIN(S66,T66) -> 0.019702668 | V66: =(_xlfn.XLOOKUP(L66+K66,'DGI TABLE'!$A$2:$A$91,'DGI TABLE'!$G$2:$G$91)-_xlfn.XLOOKUP(L66+F66,'DGI TABLE'!$A$2:$A$91,'DGI TABLE'!$G$2:$G$91)+_xlfn.XLOOKUP(L66+F66,'DGI TABLE'!$A$2:$A$91,'DGI TABLE'!$C$2:$C$91))/_xlfn.XLOOKUP(L66+K66,'DGI TABLE'!$A$2:$A$91,'DGI TABLE'!$C$2:$C$91) -> 0.85603472 | W66: =(_xlfn.XLOOKUP(L66+K66,'DGI TABLE'!$A$2:$A$91,'DGI TABLE'!$D$2:$D$91)-_xlfn.XLOOKUP(L66+H66,'DGI TABLE'!$A$2:$A$91,'DGI TABLE'!$D$2:$D$91))/_xlfn.XLOOKUP(L66+K66,'DGI TABLE'!$A$2:$A$91,'DGI TABLE'!$C$2:$C$91) -> 1.9562307 | X66: =G66*((((1+J66)^(K66-1))*V66)-(U66*W66)) -> 40874.588
A67: 66 | B67: NUR AINUL SYAFIQAH BINTI RAHMAN | C67: F | D67: 22 | E67: TPS | F67: 5 | G67: 100000 | H67: 4 | I67: SRB | J67: 0.05 | K67: 4 | L67: =IF(C67="F",D67-3,D67) -> 19 | M67: =(_xlfn.XLOOKUP(L67,'DGI TABLE'!$A$2:$A$91,'DGI TABLE'!$G$2:$G$91)-_xlfn.XLOOKUP(L67+F67,'DGI TABLE'!$A$2:$A$91,'DGI TABLE'!$G$2:$G$91))/_xlfn.XLOOKUP(L67,'DGI TABLE'!$A$2:$A$91,'DGI TABLE'!$C$2:$C$91) -> 0.0089183334 | N67: =(_xlfn.XLOOKUP(L67,'DGI TABLE'!$A$2:$A$91,'DGI TABLE'!$D$2:$D$91)-_xlfn.XLOOKUP(L67+H67,'DGI TABLE'!$A$2:$A$91,'DGI TABLE'!$D$2:$D$91))/_xlfn.XLOOKUP(L67,'DGI TABLE'!$A$2:$A$91,'DGI TABLE'!$C$2:$C$91) -> 3.7649337 | O67: =M67/N67 -> 0.002368789 | P67: =(_xlfn.XLOOKUP(L67+1,'DGI TABLE'!$A$2:$A$91,'DGI TABLE'!$G$2:$G$91)-_xlfn.XLOOKUP(L67+F67,'DGI TABLE'!$A$2:$A$91,'DGI TABLE'!$G$2:$G$91)+_xlfn.XLOOKUP(L67+F67,'DGI TABLE'!$A$2:$A$91,'DGI TABLE'!$C$2:$C$91))/_xlfn.XLOOKUP(L67+1,'DGI TABLE'!$A$2:$A$91,'DGI TABLE'!$C$2:$C$91) -> 0.85522567 | Q67: =(_xlfn.XLOOKUP(L67+1,'DGI TABLE'!$A$2:$A$91,'DGI TABLE'!$D$2:$D$91)-_xlfn.XLOOKUP(L67+H67,'DGI TABLE'!$A$2:$A$91,'DGI TABLE'!$D$2:$D$91))/_xlfn.XLOOKUP(L67+1,'DGI TABLE'!$A$2:$A$91,'DGI TABLE'!$C$2:$C$91) -> 2.8806009 | R67: =_xlfn.XLOOKUP(L67,'DGI TABLE'!$A$2:$A$91,'DGI TABLE'!$F$2:$F$91)/_xlfn.XLOOKUP(L67,'DGI TABLE'!$A$2:$A$91,'DGI TABLE'!$C$2:$C$91) -> 0.0016923083 | S67: =P67/Q67 -> 0.29689141 | T67: =O67+0.03/N67 -> 0.010337057 | U67: =MIN(S67,T67) -> 0.010337057 | V67: =(_xlfn.XLOOKUP(L67+K67,'DGI TABLE'!$A$2:$A$91,'DGI TABLE'!$G$2:$G$91)-_xlfn.XLOOKUP(L67+F67,'DGI TABLE'!$A$2:$A$91,'DGI TABLE'!$G$2:$G$91)+_xlfn.XLOOKUP(L67+F67,'DGI TABLE'!$A$2:$A$91,'DGI TABLE'!$C$2:$C$91))/_xlfn.XLOOKUP(L67+K67,'DGI TABLE'!$A$2:$A$91,'DGI TABLE'!$C$2:$C$91) -> 0.96153845 | W67: =(_xlfn.XLOOKUP(L67+K67,'DGI TABLE'!$A$2:$A$91,'DGI TABLE'!$D$2:$D$91)-_xlfn.XLOOKUP(L67+H67,'DGI TABLE'!$A$2:$A$91,'DGI TABLE'!$D$2:$D$91))/_xlfn.XLOOKUP(L67+K67,'DGI TABLE'!$A$2:$A$91,'DGI TABLE'!$C$2:$C$91) -> 0 | X67: =G67*(((1+J67*(K67-1))*V67)-(U67*W67)) -> 110576.92
A68: 67 | B68: MUHAMMAD ZAKWAN BIN ISMAIL | C68: M | D68: 52 | E68: TPS | F68: 15 | G68: 120000 | H68: 10 | I68: SRB | J68: 0.05 | K68: 9 | L68: =IF(C68="F",D68-3,D68) -> 52 | M68: =(_xlfn.XLOOKUP(L68,'DGI TABLE'!$A$2:$A$91,'DGI TABLE'!$G$2:$G$91)-_xlfn.XLOOKUP(L68+F68,'DGI TABLE'!$A$2:$A$91,'DGI TABLE'!$G$2:$G$91))/_xlfn.XLOOKUP(L68,'DGI TABLE'!$A$2:$A$91,'DGI TABLE'!$C$2:$C$91) -> 0.14197224 | N68: =(_xlfn.XLOOKUP(L68,'DGI TABLE'!$A$2:$A$91,'DGI TABLE'!$D$2:$D$91)-_xlfn.XLOOKUP(L68+H68,'DGI TABLE'!$A$2:$A$91,'DGI TABLE'!$D$2:$D$91))/_xlfn.XLOOKUP(L68,'DGI TABLE'!$A$2:$A$91,'DGI TABLE'!$C$2:$C$91) -> 8.0921875 | O68: =M68/N68 -> 0.017544358 | P68: =(_xlfn.XLOOKUP(L68+1,'DGI TABLE'!$A$2:$A$91,'DGI TABLE'!$G$2:$G$91)-_xlfn.XLOOKUP(L68+F68,'DGI TABLE'!$A$2:$A$91,'DGI TABLE'!$G$2:$G$91)+_xlfn.XLOOKUP(L68+F68,'DGI TABLE'!$A$2:$A$91,'DGI TABLE'!$C$2:$C$91))/_xlfn.XLOOKUP(L68+1,'DGI TABLE'!$A$2:$A$91,'DGI TABLE'!$C$2:$C$91) -> 0.60600456 | Q68: =(_xlfn.XLOOKUP(L68+1,'DGI TABLE'!$A$2:$A$91,'DGI TABLE'!$D$2:$D$91)-_xlfn.XLOOKUP(L68+H68,'DGI TABLE'!$A$2:$A$91,'DGI TABLE'!$D$2:$D$91))/_xlfn.XLOOKUP(L68+1,'DGI TABLE'!$A$2:$A$91,'DGI TABLE'!$C$2:$C$91) -> 7.4346088 | R68: =_xlfn.XLOOKUP(L68,'DGI TABLE'!$A$2:$A$91,'DGI TABLE'!$F$2:$F$91)/_xlfn.XLOOKUP(L68,'DGI TABLE'!$A$2:$A$91,'DGI TABLE'!$C$2:$C$91) -> 0.0075961494 | S68: =P68/Q68 -> 0.081511291 | T68: =O68+0.03/N68 -> 0.021251637 | U68: =MIN(S68,T68) -> 0.021251637 | V68: =(_xlfn.XLOOKUP(L68+K68,'DGI TABLE'!$A$2:$A$91,'DGI TABLE'!$G$2:$G$91)-_xlfn.XLOOKUP(L68+F68,'DGI TABLE'!$A$2:$A$91,'DGI TABLE'!$G$2:$G$91)+_xlfn.XLOOKUP(L68+F68,'DGI TABLE'!$A$2:$A$91,'DGI TABLE'!$C$2:$C$91))/_xlfn.XLOOKUP(L68+K68,'DGI TABLE'!$A$2:$A$91,'DGI TABLE'!$C$2:$C$91) -> 0.79911045 | W68: =(_xlfn.XLOOKUP(L68+K68,'DGI TABLE'!$A$2:$A$91,'DGI TABLE'!$D$2:$D$91)-_xlfn.XLOOKUP(L68+H68,'DGI TABLE'!$A$2:$A$91,'DGI TABLE'!$D$2:$D$91))/_xlfn.XLOOKUP(L68+K68,'DGI TABLE'!$A$2:$A$91,'DGI TABLE'!$C$2:$C$91) -> 1 | X68: =G68*(((1+J68*(K68-1))*V68)-(U68*W68)) -> 131700.36
A69: 68 | B69: AMIRUL HAKIM BIN RAZAK | C69: M | D69: 55 | E69: TPS | F69: 10 | G69: 125000 | H69: 5 | I69: SRB | J69: 0.05 | K69: 3 | L69: =IF(C69="F",D69-3,D69) -> 55 | M69: =(_xlfn.XLOOKUP(L69,'DGI TABLE'!$A$2:$A$91,'DGI TABLE'!$G$2:$G$91)-_xlfn.XLOOKUP(L69+F69,'DGI TABLE'!$A$2:$A$91,'DGI TABLE'!$G$2:$G$91))/_xlfn.XLOOKUP(L69,'DGI TABLE'!$A$2:$A$91,'DGI TABLE'!$C$2:$C$91) -> 0.11047991 | N69: =(_xlfn.XLOOKUP(L69,'DGI TABLE'!$A$2:$A$91,'DGI TABLE'!$D$2:$D$91)-_xlfn.XLOOKUP(L69+H69,'DGI TABLE'!$A$2:$A$91,'DGI TABLE'!$D$2:$D$91))/_xlfn.XLOOKUP(L69,'DGI TABLE'!$A$2:$A$91,'DGI TABLE'!$C$2:$C$91) -> 4.5314195 | O69: =M69/N69 -> 0.024380861 | P69: =(_xlfn.XLOOKUP(L69+1,'DGI TABLE'!$A$2:$A$91,'DGI TABLE'!$G$2:$G$91)-_xlfn.XLOOKUP(L69+F69,'DGI TABLE'!$A$2:$A$91,'DGI TABLE'!$G$2:$G$91)+_xlfn.XLOOKUP(L69+F69,'DGI TABLE'!$A$2:$A$91,'DGI TABLE'!$C$2:$C$91))/_xlfn.XLOOKUP(L69+1,'DGI TABLE'!$A$2:$A$91,'DGI TABLE'!$C$2:$C$91) -> 0.71692793 | Q69: =(_xlfn.XLOOKUP(L69+1,'DGI TABLE'!$A$2:$A$91,'DGI TABLE'!$D$2:$D$91)-_xlfn.XLOOKUP(L69+H69,'DGI TABLE'!$A$2:$A$91,'DGI TABLE'!$D$2:$D$91))/_xlfn.XLOOKUP(L69+1,'DGI TABLE'!$A$2:$A$91,'DGI TABLE'!$C$2:$C$91) -> 3.7110109 | R69: =_xlfn.XLOOKUP(L69,'DGI TABLE'!$A$2:$A$91,'DGI TABLE'!$F$2:$F$91)/_xlfn.XLOOKUP(L69,'DGI TABLE'!$A$2:$A$91,'DGI TABLE'!$C$2:$C$91) -> 0.0099326913 | S69: =P69/Q69 -> 0.19318939 | T69: =O69+0.03/N69 -> 0.031001303 | U69: =MIN(S69,T69) -> 0.031001303 | V69: =(_xlfn.XLOOKUP(L69+K69,'DGI TABLE'!$A$2:$A$91,'DGI TABLE'!$G$2:$G$91)-_xlfn.XLOOKUP(L69+F69,'DGI TABLE'!$A$2:$A$91,'DGI TABLE'!$G$2:$G$91)+_xlfn.XLOOKUP(L69+F69,'DGI TABLE'!$A$2:$A$91,'DGI TABLE'!$C$2:$C$91))/_xlfn.XLOOKUP(L69+K69,'DGI TABLE'!$A$2:$A$91,'DGI TABLE'!$C$2:$C$91) -> 0.76963973 | W69: =(_xlfn.XLOOKUP(L69+K69,'DGI TABLE'!$A$2:$A$91,'DGI TABLE'!$D$2:$D$91)-_xlfn.XLOOKUP(L69+H69,'DGI TABLE'!$A$2:$A$91,'DGI TABLE'!$D$2:$D$91))/_xlfn.XLOOKUP(L69+K69,'DGI TABLE'!$A$2:$A$91,'DGI TABLE'!$C$2:$C$91) -> 1.9490865 | X69: =G69*(((1+J69*(K69-1))*V69)-(U69*W69)) -> 98272.435
A70: 69 | B70: DANISH HAKIM BIN RAHMAN | C70: M | D70: 60 | E70: TPS | F70: 10 | G70: 60000 | H70: 5 | I70: SRB | J70: 0.05 | K70: 4 | L70: =IF(C70="F",D70-3,D70) -> 60 | M70: =(_xlfn.XLOOKUP(L70,'DGI TABLE'!$A$2:$A$91,'DGI TABLE'!$G$2:$G$91)-_xlfn.XLOOKUP(L70+F70,'DGI TABLE'!$A$2:$A$91,'DGI TABLE'!$G$2:$G$91))/_xlfn.XLOOKUP(L70,'DGI TABLE'!$A$2:$A$91,'DGI TABLE'!$C$2:$C$91) -> 0.16270303 | N70: =(_xlfn.XLOOKUP(L70,'DGI TABLE'!$A$2:$A$91,'DGI TABLE'!$D$2:$D$91)-_xlfn.XLOOKUP(L70+H70,'DGI TABLE'!$A$2:$A$91,'DGI TABLE'!$D$2:$D$91))/_xlfn.XLOOKUP(L70,'DGI TABLE'!$A$2:$A$91,'DGI TABLE'!$C$2:$C$91) -> 4.4892967 | O70: =M70/N70 -> 0.036242431 | P70: =(_xlfn.XLOOKUP(L70+1,'DGI TABLE'!$A$2:$A$91,'DGI TABLE'!$G$2:$G$91)-_xlfn.XLOOKUP(L70+F70,'DGI TABLE'!$A$2:$A$91,'DGI TABLE'!$G$2:$G$91)+_xlfn.XLOOKUP(L70+F70,'DGI TABLE'!$A$2:$A$91,'DGI TABLE'!$C$2:$C$91))/_xlfn.XLOOKUP(L70+1,'DGI TABLE'!$A$2:$A$91,'DGI TABLE'!$C$2:$C$91) -> 0.72362005 | Q70: =(_xlfn.XLOOKUP(L70+1,'DGI TABLE'!$A$2:$A$91,'DGI TABLE'!$D$2:$D$91)-_xlfn.XLOOKUP(L70+H70,'DGI TABLE'!$A$2:$A$91,'DGI TABLE'!$D$2:$D$91))/_xlfn.XLOOKUP(L70+1,'DGI TABLE'!$A$2:$A$91,'DGI TABLE'!$C$2:$C$91) -> 3.6833456 | R70: =_xlfn.XLOOKUP(L70,'DGI TABLE'!$A$2:$A$91,'DGI TABLE'!$F$2:$F$91)/_xlfn.XLOOKUP(L70,'DGI TABLE'!$A$2:$A$91,'DGI TABLE'!$C$2:$C$91) -> 0.01422115 | S70: =P70/Q70 -> 0.19645728 | T70: =O70+0.03/N70 -> 0.042924992 | U70: =MIN(S70,T70) -> 0.042924992 | V70: =(_xlfn.XLOOKUP(L70+K70,'DGI TABLE'!$A$2:$A$91,'DGI TABLE'!$G$2:$G$91)-_xlfn.XLOOKUP(L70+F70,'DGI TABLE'!$A$2:$A$91,'DGI TABLE'!$G$2:$G$91)+_xlfn.XLOOKUP(L70+F70,'DGI TABLE'!$A$2:$A$91,'DGI TABLE'!$C$2:$C$91))/_xlfn.XLOOKUP(L70+K70,'DGI TABLE'!$A$2:$A$91,'DGI TABLE'!$C$2:$C$91) -> 0.80177684 | W70: =(_xlfn.XLOOKUP(L70+K70,'DGI TABLE'!$A$2:$A$91,'DGI TABLE'!$D$2:$D$91)-_xlfn.XLOOKUP(L70+H70,'DGI TABLE'!$A$2:$A$91,'DGI TABLE'!$D$2:$D$91))/_xlfn.XLOOKUP(L70+K70,'DGI TABLE'!$A$2:$A$91,'DGI TABLE'!$C$2:$C$91) -> 1 | X70: =G70*(((1+J70*(K70-1))*V70)-(U70*W70)) -> 52747.102
A71: 70 | B71: NUR ZAHRA BINTI RAHMAN | C71: F | D71: 41 | E71: TPS | F71: 25 | G71: 75000 | H71: 15 | I71: SRB | J71: 0.05 | K71: 4 | L71: =IF(C71="F",D71-3,D71) -> 38 | M71: =(_xlfn.XLOOKUP(L71,'DGI TABLE'!$A$2:$A$91,'DGI TABLE'!$G$2:$G$91)-_xlfn.XLOOKUP(L71+F71,'DGI TABLE'!$A$2:$A$91,'DGI TABLE'!$G$2:$G$91))/_xlfn.XLOOKUP(L71,'DGI TABLE'!$A$2:$A$91,'DGI TABLE'!$C$2:$C$91) -> 0.095464155 | N71: =(_xlfn.XLOOKUP(L71,'DGI TABLE'!$A$2:$A$91,'DGI TABLE'!$D$2:$D$91)-_xlfn.XLOOKUP(L71+H71,'DGI TABLE'!$A$2:$A$91,'DGI TABLE'!$D$2:$D$91))/_xlfn.XLOOKUP(L71,'DGI TABLE'!$A$2:$A$91,'DGI TABLE'!$C$2:$C$91) -> 11.318369 | O71: =M71/N71 -> 0.0084344447 | P71: =(_xlfn.XLOOKUP(L71+1,'DGI TABLE'!$A$2:$A$91,'DGI TABLE'!$G$2:$G$91)-_xlfn.XLOOKUP(L71+F71,'DGI TABLE'!$A$2:$A$91,'DGI TABLE'!$G$2:$G$91)+_xlfn.XLOOKUP(L71+F71,'DGI TABLE'!$A$2:$A$91,'DGI TABLE'!$C$2:$C$91))/_xlfn.XLOOKUP(L71+1,'DGI TABLE'!$A$2:$A$91,'DGI TABLE'!$C$2:$C$91) -> 0.41860509 | Q71: =(_xlfn.XLOOKUP(L71+1,'DGI TABLE'!$A$2:$A$91,'DGI TABLE'!$D$2:$D$91)-_xlfn.XLOOKUP(L71+H71,'DGI TABLE'!$A$2:$A$91,'DGI TABLE'!$D$2:$D$91))/_xlfn.XLOOKUP(L71+1,'DGI TABLE'!$A$2:$A$91,'DGI TABLE'!$C$2:$C$91) -> 10.756812 | R71: =_xlfn.XLOOKUP(L71,'DGI TABLE'!$A$2:$A$91,'DGI TABLE'!$F$2:$F$91)/_xlfn.XLOOKUP(L71,'DGI TABLE'!$A$2:$A$91,'DGI TABLE'!$C$2:$C$91) -> 0.0022980774 | S71: =P71/Q71 -> 0.038915348 | T71: =O71+0.03/N71 -> 0.011085003 | U71: =MIN(S71,T71) -> 0.011085003 | V71: =(_xlfn.XLOOKUP(L71+K71,'DGI TABLE'!$A$2:$A$91,'DGI TABLE'!$G$2:$G$91)-_xlfn.XLOOKUP(L71+F71,'DGI TABLE'!$A$2:$A$91,'DGI TABLE'!$G$2:$G$91)+_xlfn.XLOOKUP(L71+F71,'DGI TABLE'!$A$2:$A$91,'DGI TABLE'!$C$2:$C$91))/_xlfn.XLOOKUP(L71+K71,'DGI TABLE'!$A$2:$A$91,'DGI TABLE'!$C$2:$C$91) -> 0.46619807 | W71: =(_xlfn.XLOOKUP(L71+K71,'DGI TABLE'!$A$2:$A$91,'DGI TABLE'!$D$2:$D$91)-_xlfn.XLOOKUP(L71+H71,'DGI TABLE'!$A$2:$A$91,'DGI TABLE'!$D$2:$D$91))/_xlfn.XLOOKUP(L71+K71,'DGI TABLE'!$A$2:$A$91,'DGI TABLE'!$C$2:$C$91) -> 8.9346728 | X71: =G71*(((1+J71*(K71-1))*V71)-(U71*W71)) -> 32781.518
A72: 71 | B72: MUHAMMAD AMIR BIN ZULKARNAIN | C72: M | D72: 29 | E72: TPS | F72: 20 | G72: 200000 | H72: 10 | I72: SRB | J72: 0.05 | K72: 4 | L72: =IF(C72="F",D72-3,D72) -> 29 | M72: =(_xlfn.XLOOKUP(L72,'DGI TABLE'!$A$2:$A$91,'DGI TABLE'!$G$2:$G$91)-_xlfn.XLOOKUP(L72+F72,'DGI TABLE'!$A$2:$A$91,'DGI TABLE'!$G$2:$G$91))/_xlfn.XLOOKUP(L72,'DGI TABLE'!$A$2:$A$91,'DGI TABLE'!$C$2:$C$91) -> 0.035279091 | N72: =(_xlfn.XLOOKUP(L72,'DGI TABLE'!$A$2:$A$91,'DGI TABLE'!$D$2:$D$91)-_xlfn.XLOOKUP(L72+H72,'DGI TABLE'!$A$2:$A$91,'DGI TABLE'!$D$2:$D$91))/_xlfn.XLOOKUP(L72,'DGI TABLE'!$A$2:$A$91,'DGI TABLE'!$C$2:$C$91) -> 8.3705431 | O72: =M72/N72 -> 0.0042146717 | P72: =(_xlfn.XLOOKUP(L72+1,'DGI TABLE'!$A$2:$A$91,'DGI TABLE'!$G$2:$G$91)-_xlfn.XLOOKUP(L72+F72,'DGI TABLE'!$A$2:$A$91,'DGI TABLE'!$G$2:$G$91)+_xlfn.XLOOKUP(L72+F72,'DGI TABLE'!$A$2:$A$91,'DGI TABLE'!$C$2:$C$91))/_xlfn.XLOOKUP(L72+1,'DGI TABLE'!$A$2:$A$91,'DGI TABLE'!$C$2:$C$91) -> 0.48368852 | Q72: =(_xlfn.XLOOKUP(L72+1,'DGI TABLE'!$A$2:$A$91,'DGI TABLE'!$D$2:$D$91)-_xlfn.XLOOKUP(L72+H72,'DGI TABLE'!$A$2:$A$91,'DGI TABLE'!$D$2:$D$91))/_xlfn.XLOOKUP(L72+1,'DGI TABLE'!$A$2:$A$91,'DGI TABLE'!$C$2:$C$91) -> 7.6793412 | R72: =_xlfn.XLOOKUP(L72,'DGI TABLE'!$A$2:$A$91,'DGI TABLE'!$F$2:$F$91)/_xlfn.XLOOKUP(L72,'DGI TABLE'!$A$2:$A$91,'DGI TABLE'!$C$2:$C$91) -> 0.0017500015 | S72: =P72/Q72 -> 0.062985679 | T72: =O72+0.03/N72 -> 0.0077986685 | U72: =MIN(S72,T72) -> 0.0077986685 | V72: =(_xlfn.XLOOKUP(L72+K72,'DGI TABLE'!$A$2:$A$91,'DGI TABLE'!$G$2:$G$91)-_xlfn.XLOOKUP(L72+F72,'DGI TABLE'!$A$2:$A$91,'DGI TABLE'!$G$2:$G$91)+_xlfn.XLOOKUP(L72+F72,'DGI TABLE'!$A$2:$A$91,'DGI TABLE'!$C$2:$C$91))/_xlfn.XLOOKUP(L72+K72,'DGI TABLE'!$A$2:$A$91,'DGI TABLE'!$C$2:$C$91) -> 0.54142344 | W72: =(_xlfn.XLOOKUP(L72+K72,'DGI TABLE'!$A$2:$A$91,'DGI TABLE'!$D$2:$D$91)-_xlfn.XLOOKUP(L72+H72,'DGI TABLE'!$A$2:$A$91,'DGI TABLE'!$D$2:$D$91))/_xlfn.XLOOKUP(L72+K72,'DGI TABLE'!$A$2:$A$91,'DGI TABLE'!$C$2:$C$91) -> 5.4262892 | X72: =G72*(((1+J72*(K72-1))*V72)-(U72*W72)) -> 116063.82
A73: 72 | B73: MUHAMMAD HAZIQ BIN SHAH | C73: M | D73: 60 | E73: WNP | F73: N/A | G73: 80000 | H73: 20 | I73: None | J73: 0 | K73: 10 | L73: =IF(C73="F",D73-3,D73) -> 60 | M73: =_xlfn.XLOOKUP(L73,'DGI TABLE'!$A$2:$A$91,'DGI TABLE'!$G$2:$G$91)/_xlfn.XLOOKUP(L73,'DGI TABLE'!$A$2:$A$91,'DGI TABLE'!$C$2:$C$91) -> 0.50678583 | N73: =(_xlfn.XLOOKUP(L73,'DGI TABLE'!$A$2:$A$91,'DGI TABLE'!$D$2:$D$91)-_xlfn.XLOOKUP(L73+H73,'DGI TABLE'!$A$2:$A$91,'DGI TABLE'!$D$2:$D$91))/_xlfn.XLOOKUP(L73,'DGI TABLE'!$A$2:$A$91,'DGI TABLE'!$C$2:$C$91) -> 11.561802 | O73: =M73/N73 -> 0.04383277 | P73: =_xlfn.XLOOKUP(L73+1,'DGI TABLE'!$A$2:$A$91,'DGI TABLE'!$G$2:$G$91)/_xlfn.XLOOKUP(L73+1,'DGI TABLE'!$A$2:$A$91,'DGI TABLE'!$C$2:$C$91) -> 0.51995748 | Q73: =(_xlfn.XLOOKUP(L73+1,'DGI TABLE'!$A$2:$A$91,'DGI TABLE'!$D$2:$D$91)-_xlfn.XLOOKUP(L73+H73,'DGI TABLE'!$A$2:$A$91,'DGI TABLE'!$D$2:$D$91))/_xlfn.XLOOKUP(L73+1,'DGI TABLE'!$A$2:$A$91,'DGI TABLE'!$C$2:$C$91) -> 11.149172 | R73: =_xlfn.XLOOKUP(L73,'DGI TABLE'!$A$2:$A$91,'DGI TABLE'!$F$2:$F$91)/_xlfn.XLOOKUP(L73,'DGI TABLE'!$A$2:$A$91,'DGI TABLE'!$C$2:$C$91) -> 0.01422115 | S73: =P73/Q73 -> 0.046636422 | T73: =O73+0.03/N73 -> 0.046427521 | U73: =MIN(S73,T73) -> 0.046427521 | V73: =_xlfn.XLOOKUP(L73+K73,'DGI TABLE'!$A$2:$A$91,'DGI TABLE'!$G$2:$G$91)/_xlfn.XLOOKUP(L73+K73,'DGI TABLE'!$A$2:$A$91,'DGI TABLE'!$C$2:$C$91) -> 0.64073117 | W73: =(_xlfn.XLOOKUP(L73+K73,'DGI TABLE'!$A$2:$A$91,'DGI TABLE'!$D$2:$D$91)-_xlfn.XLOOKUP(L73+H73,'DGI TABLE'!$A$2:$A$91,'DGI TABLE'!$D$2:$D$91))/_xlfn.XLOOKUP(L73+K73,'DGI TABLE'!$A$2:$A$91,'DGI TABLE'!$C$2:$C$91) -> 6.9914022 | X73: =G73*(V73-(U73*W73)) -> 25291.016 | Y73: =AVERAGE(X73:X110) -> 18773.913
A74: 73 | B74: SITI NURZAHIRAH BINTI OMAR | C74: F | D74: 51 | E74: WNP | F74: N/A | G74: 75000 | H74: 25 | I74: None | J74: 0 | K74: 4 | L74: =IF(C74="F",D74-3,D74) -> 48 | M74: =_xlfn.XLOOKUP(L74,'DGI TABLE'!$A$2:$A$91,'DGI TABLE'!$G$2:$G$91)/_xlfn.XLOOKUP(L74,'DGI TABLE'!$A$2:$A$91,'DGI TABLE'!$C$2:$C$91) -> 0.36315825 | N74: =(_xlfn.XLOOKUP(L74,'DGI TABLE'!$A$2:$A$91,'DGI TABLE'!$D$2:$D$91)-_xlfn.XLOOKUP(L74+H74,'DGI TABLE'!$A$2:$A$91,'DGI TABLE'!$D$2:$D$91))/_xlfn.XLOOKUP(L74,'DGI TABLE'!$A$2:$A$91,'DGI TABLE'!$C$2:$C$91) -> 14.591869 | O74: =M74/N74 -> 0.024887713 | P74: =_xlfn.XLOOKUP(L74+1,'DGI TABLE'!$A$2:$A$91,'DGI TABLE'!$G$2:$G$91)/_xlfn.XLOOKUP(L74+1,'DGI TABLE'!$A$2:$A$91,'DGI TABLE'!$C$2:$C$91) -> 0.37423033 | Q74: =(_xlfn.XLOOKUP(L74+1,'DGI TABLE'!$A$2:$A$91,'DGI TABLE'!$D$2:$D$91)-_xlfn.XLOOKUP(L74+H74,'DGI TABLE'!$A$2:$A$91,'DGI TABLE'!$D$2:$D$91))/_xlfn.XLOOKUP(L74+1,'DGI TABLE'!$A$2:$A$91,'DGI TABLE'!$C$2:$C$91) -> 14.214005 | R74: =_xlfn.XLOOKUP(L74,'DGI TABLE'!$A$2:$A$91,'DGI TABLE'!$F$2:$F$91)/_xlfn.XLOOKUP(L74,'DGI TABLE'!$A$2:$A$91,'DGI TABLE'!$C$2:$C$91) -> 0.0053076929 | S74: =P74/Q74 -> 0.026328282 | T74: =O74+0.03/N74 -> 0.026943653 | U74: =MIN(S74,T74) -> 0.026328282 | V74: =_xlfn.XLOOKUP(L74+K74,'DGI TABLE'!$A$2:$A$91,'DGI TABLE'!$G$2:$G$91)/_xlfn.XLOOKUP(L74+K74,'DGI TABLE'!$A$2:$A$91,'DGI TABLE'!$C$2:$C$91) -> 0.40854656 | W74: =(_xlfn.XLOOKUP(L74+K74,'DGI TABLE'!$A$2:$A$91,'DGI TABLE'!$D$2:$D$91)-_xlfn.XLOOKUP(L74+H74,'DGI TABLE'!$A$2:$A$91,'DGI TABLE'!$D$2:$D$91))/_xlfn.XLOOKUP(L74+K74,'DGI TABLE'!$A$2:$A$91,'DGI TABLE'!$C$2:$C$91) -> 13.018563 | X74: =G74*(V74-(U74*W74)) -> 4934.2627
A75: 74 | B75: NUR HAZWANI BINTI ROSLAN | C75: F | D75: 34 | E75: WNP | F75: N/A | G75: 180000 | H75: 20 | I75: None | J75: 0 | K75: 1 | L75: =IF(C75="F",D75-3,D75) -> 31 | M75: =_xlfn.XLOOKUP(L75,'DGI TABLE'!$A$2:$A$91,'DGI TABLE'!$G$2:$G$91)/_xlfn.XLOOKUP(L75,'DGI TABLE'!$A$2:$A$91,'DGI TABLE'!$C$2:$C$91) -> 0.20957936 | N75: =(_xlfn.XLOOKUP(L75,'DGI TABLE'!$A$2:$A$91,'DGI TABLE'!$D$2:$D$91)-_xlfn.XLOOKUP(L75+H75,'DGI TABLE'!$A$2:$A$91,'DGI TABLE'!$D$2:$D$91))/_xlfn.XLOOKUP(L75,'DGI TABLE'!$A$2:$A$91,'DGI TABLE'!$C$2:$C$91) -> 13.858485 | O75: =M75/N75 -> 0.015122819 | P75: =_xlfn.XLOOKUP(L75+1,'DGI TABLE'!$A$2:$A$91,'DGI TABLE'!$G$2:$G$91)/_xlfn.XLOOKUP(L75+1,'DGI TABLE'!$A$2:$A$91,'DGI TABLE'!$C$2:$C$91) -> 0.21657587 | Q75: =(_xlfn.XLOOKUP(L75+1,'DGI TABLE'!$A$2:$A$91,'DGI TABLE'!$D$2:$D$91)-_xlfn.XLOOKUP(L75+H75,'DGI TABLE'!$A$2:$A$91,'DGI TABLE'!$D$2:$D$91))/_xlfn.XLOOKUP(L75+1,'DGI TABLE'!$A$2:$A$91,'DGI TABLE'!$C$2:$C$91) -> 13.396536 | R75: =_xlfn.XLOOKUP(L75,'DGI TABLE'!$A$2:$A$91,'DGI TABLE'!$F$2:$F$91)/_xlfn.XLOOKUP(L75,'DGI TABLE'!$A$2:$A$91,'DGI TABLE'!$C$2:$C$91) -> 0.0017019234 | S75: =P75/Q75 -> 0.016166558 | T75: =O75+0.03/N75 -> 0.017287558 | U75: =MIN(S75,T75) -> 0.016166558 | V75: =_xlfn.XLOOKUP(L75+K75,'DGI TABLE'!$A$2:$A$91,'DGI TABLE'!$G$2:$G$91)/_xlfn.XLOOKUP(L75+K75,'DGI TABLE'!$A$2:$A$91,'DGI TABLE'!$C$2:$C$91) -> 0.21657587 | W75: =(_xlfn.XLOOKUP(L75+K75,'DGI TABLE'!$A$2:$A$91,'DGI TABLE'!$D$2:$D$91)-_xlfn.XLOOKUP(L75+H75,'DGI TABLE'!$A$2:$A$91,'DGI TABLE'!$D$2:$D$91))/_xlfn.XLOOKUP(L75+K75,'DGI TABLE'!$A$2:$A$91,'DGI TABLE'!$C$2:$C$91) -> 13.396536 | X75: =G75*(V75-(U75*W75)) -> 0
A76: 75 | B76: NUR ADALIA BINTI HASSAN | C76: F | D76: 25 | E76: WNP | F76: N/A | G76: 175000 | H76: 20 | I76: None | J76: 0 | K76: 9 | L76: =IF(C76="F",D76-3,D76) -> 22 | M76: =_xlfn.XLOOKUP(L76,'DGI TABLE'!$A$2:$A$91,'DGI TABLE'!$G$2:$G$91)/_xlfn.XLOOKUP(L76,'DGI TABLE'!$A$2:$A$91,'DGI TABLE'!$C$2:$C$91) -> 0.15941144 | N76: =(_xlfn.XLOOKUP(L76,'DGI TABLE'!$A$2:$A$91,'DGI TABLE'!$D$2:$D$91)-_xlfn.XLOOKUP(L76+H76,'DGI TABLE'!$A$2:$A$91,'DGI TABLE'!$D$2:$D$91))/_xlfn.XLOOKUP(L76,'DGI TABLE'!$A$2:$A$91,'DGI TABLE'!$C$2:$C$91) -> 13.903596 | O76: =M76/N76 -> 0.011465483 | P76: =_xlfn.XLOOKUP(L76+1,'DGI TABLE'!$A$2:$A$91,'DGI TABLE'!$G$2:$G$91)/_xlfn.XLOOKUP(L76+1,'DGI TABLE'!$A$2:$A$91,'DGI TABLE'!$C$2:$C$91) -> 0.16395697 | Q76: =(_xlfn.XLOOKUP(L76+1,'DGI TABLE'!$A$2:$A$91,'DGI TABLE'!$D$2:$D$91)-_xlfn.XLOOKUP(L76+H76,'DGI TABLE'!$A$2:$A$91,'DGI TABLE'!$D$2:$D$91))/_xlfn.XLOOKUP(L76+1,'DGI TABLE'!$A$2:$A$91,'DGI TABLE'!$C$2:$C$91) -> 13.449194 | R76: =_xlfn.XLOOKUP(L76,'DGI TABLE'!$A$2:$A$91,'DGI TABLE'!$F$2:$F$91)/_xlfn.XLOOKUP(L76,'DGI TABLE'!$A$2:$A$91,'DGI TABLE'!$C$2:$C$91) -> 0.0021057684 | S76: =P76/Q76 -> 0.01219084 | T76: =O76+0.03/N76 -> 0.013623198 | U76: =MIN(S76,T76) -> 0.01219084 | V76: =_xlfn.XLOOKUP(L76+K76,'DGI TABLE'!$A$2:$A$91,'DGI TABLE'!$G$2:$G$91)/_xlfn.XLOOKUP(L76+K76,'DGI TABLE'!$A$2:$A$91,'DGI TABLE'!$C$2:$C$91) -> 0.20957936 | W76: =(_xlfn.XLOOKUP(L76+K76,'DGI TABLE'!$A$2:$A$91,'DGI TABLE'!$D$2:$D$91)-_xlfn.XLOOKUP(L76+H76,'DGI TABLE'!$A$2:$A$91,'DGI TABLE'!$D$2:$D$91))/_xlfn.XLOOKUP(L76+K76,'DGI TABLE'!$A$2:$A$91,'DGI TABLE'!$C$2:$C$91) -> 9.0286765 | X76: =G76*(V76-(U76*W76)) -> 17414.637
A77: 76 | B77: NUR DANIA BINTI RAHMAN | C77: F | D77: 33 | E77: WNP | F77: N/A | G77: 175000 | H77: 20 | I77: None | J77: 0 | K77: 3 | L77: =IF(C77="F",D77-3,D77) -> 30 | M77: =_xlfn.XLOOKUP(L77,'DGI TABLE'!$A$2:$A$91,'DGI TABLE'!$G$2:$G$91)/_xlfn.XLOOKUP(L77,'DGI TABLE'!$A$2:$A$91,'DGI TABLE'!$C$2:$C$91) -> 0.20287145 | N77: =(_xlfn.XLOOKUP(L77,'DGI TABLE'!$A$2:$A$91,'DGI TABLE'!$D$2:$D$91)-_xlfn.XLOOKUP(L77+H77,'DGI TABLE'!$A$2:$A$91,'DGI TABLE'!$D$2:$D$91))/_xlfn.XLOOKUP(L77,'DGI TABLE'!$A$2:$A$91,'DGI TABLE'!$C$2:$C$91) -> 13.872854 | O77: =M77/N77 -> 0.014623628 | P77: =_xlfn.XLOOKUP(L77+1,'DGI TABLE'!$A$2:$A$91,'DGI TABLE'!$G$2:$G$91)/_xlfn.XLOOKUP(L77+1,'DGI TABLE'!$A$2:$A$91,'DGI TABLE'!$C$2:$C$91) -> 0.20957936 | Q77: =(_xlfn.XLOOKUP(L77+1,'DGI TABLE'!$A$2:$A$91,'DGI TABLE'!$D$2:$D$91)-_xlfn.XLOOKUP(L77+H77,'DGI TABLE'!$A$2:$A$91,'DGI TABLE'!$D$2:$D$91))/_xlfn.XLOOKUP(L77+1,'DGI TABLE'!$A$2:$A$91,'DGI TABLE'!$C$2:$C$91) -> 13.411641 | R77: =_xlfn.XLOOKUP(L77,'DGI TABLE'!$A$2:$A$91,'DGI TABLE'!$F$2:$F$91)/_xlfn.XLOOKUP(L77,'DGI TABLE'!$A$2:$A$91,'DGI TABLE'!$C$2:$C$91) -> 0.0017115393 | S77: =P77/Q77 -> 0.015626676 | T77: =O77+0.03/N77 -> 0.016786124 | U77: =MIN(S77,T77) -> 0.015626676 | V77: =_xlfn.XLOOKUP(L77+K77,'DGI TABLE'!$A$2:$A$91,'DGI TABLE'!$G$2:$G$91)/_xlfn.XLOOKUP(L77+K77,'DGI TABLE'!$A$2:$A$91,'DGI TABLE'!$C$2:$C$91) -> 0.2238496 | W77: =(_xlfn.XLOOKUP(L77+K77,'DGI TABLE'!$A$2:$A$91,'DGI TABLE'!$D$2:$D$91)-_xlfn.XLOOKUP(L77+H77,'DGI TABLE'!$A$2:$A$91,'DGI TABLE'!$D$2:$D$91))/_xlfn.XLOOKUP(L77+K77,'DGI TABLE'!$A$2:$A$91,'DGI TABLE'!$C$2:$C$91) -> 12.430484 | X77: =G77*(V77-(U77*W77)) -> 5180.4282
A78: 77 | B78: MUHAMMAD HARITH BIN ZULKIFLI | C78: M | D78: 34 | E78: WNP | F78: N/A | G78: 80000 | H78: 20 | I78: None | J78: 0 | K78: 6 | L78: =IF(C78="F",D78-3,D78) -> 34 | M78: =_xlfn.XLOOKUP(L78,'DGI TABLE'!$A$2:$A$91,'DGI TABLE'!$G$2:$G$91)/_xlfn.XLOOKUP(L78,'DGI TABLE'!$A$2:$A$91,'DGI TABLE'!$C$2:$C$91) -> 0.23138163 | N78: =(_xlfn.XLOOKUP(L78,'DGI TABLE'!$A$2:$A$91,'DGI TABLE'!$D$2:$D$91)-_xlfn.XLOOKUP(L78+H78,'DGI TABLE'!$A$2:$A$91,'DGI TABLE'!$D$2:$D$91))/_xlfn.XLOOKUP(L78,'DGI TABLE'!$A$2:$A$91,'DGI TABLE'!$C$2:$C$91) -> 13.798226 | O78: =M78/N78 -> 0.016768941 | P78: =_xlfn.XLOOKUP(L78+1,'DGI TABLE'!$A$2:$A$91,'DGI TABLE'!$G$2:$G$91)/_xlfn.XLOOKUP(L78+1,'DGI TABLE'!$A$2:$A$91,'DGI TABLE'!$C$2:$C$91) -> 0.23916849 | Q78: =(_xlfn.XLOOKUP(L78+1,'DGI TABLE'!$A$2:$A$91,'DGI TABLE'!$D$2:$D$91)-_xlfn.XLOOKUP(L78+H78,'DGI TABLE'!$A$2:$A$91,'DGI TABLE'!$D$2:$D$91))/_xlfn.XLOOKUP(L78+1,'DGI TABLE'!$A$2:$A$91,'DGI TABLE'!$C$2:$C$91) -> 13.335893 | R78: =_xlfn.XLOOKUP(L78,'DGI TABLE'!$A$2:$A$91,'DGI TABLE'!$F$2:$F$91)/_xlfn.XLOOKUP(L78,'DGI TABLE'!$A$2:$A$91,'DGI TABLE'!$C$2:$C$91) -> 0.0018557694 | S78: =P78/Q78 -> 0.017934194 | T78: =O78+0.03/N78 -> 0.018943134 | U78: =MIN(S78,T78) -> 0.017934194 | V78: =_xlfn.XLOOKUP(L78+K78,'DGI TABLE'!$A$2:$A$91,'DGI TABLE'!$G$2:$G$91)/_xlfn.XLOOKUP(L78+K78,'DGI TABLE'!$A$2:$A$91,'DGI TABLE'!$C$2:$C$91) -> 0.281984 | W78: =(_xlfn.XLOOKUP(L78+K78,'DGI TABLE'!$A$2:$A$91,'DGI TABLE'!$D$2:$D$91)-_xlfn.XLOOKUP(L78+H78,'DGI TABLE'!$A$2:$A$91,'DGI TABLE'!$D$2:$D$91))/_xlfn.XLOOKUP(L78+K78,'DGI TABLE'!$A$2:$A$91,'DGI TABLE'!$C$2:$C$91) -> 10.736586 | X78: =G78*(V78-(U78*W78)) -> 7154.5594
A79: 78 | B79: NUR SYAHIDA BINTI AZMAN | C79: F | D79: 30 | E79: WNP | F79: N/A | G79: 175000 | H79: 20 | I79: None | J79: 0 | K79: 7 | L79: =IF(C79="F",D79-3,D79) -> 27 | M79: =_xlfn.XLOOKUP(L79,'DGI TABLE'!$A$2:$A$91,'DGI TABLE'!$G$2:$G$91)/_xlfn.XLOOKUP(L79,'DGI TABLE'!$A$2:$A$91,'DGI TABLE'!$C$2:$C$91) -> 0.18452569 | N79: =(_xlfn.XLOOKUP(L79,'DGI TABLE'!$A$2:$A$91,'DGI TABLE'!$D$2:$D$91)-_xlfn.XLOOKUP(L79+H79,'DGI TABLE'!$A$2:$A$91,'DGI TABLE'!$D$2:$D$91))/_xlfn.XLOOKUP(L79,'DGI TABLE'!$A$2:$A$91,'DGI TABLE'!$C$2:$C$91) -> 13.899382 | O79: =M79/N79 -> 0.01327582 | P79: =_xlfn.XLOOKUP(L79+1,'DGI TABLE'!$A$2:$A$91,'DGI TABLE'!$G$2:$G$91)/_xlfn.XLOOKUP(L79+1,'DGI TABLE'!$A$2:$A$91,'DGI TABLE'!$C$2:$C$91) -> 0.1903522 | Q79: =(_xlfn.XLOOKUP(L79+1,'DGI TABLE'!$A$2:$A$91,'DGI TABLE'!$D$2:$D$91)-_xlfn.XLOOKUP(L79+H79,'DGI TABLE'!$A$2:$A$91,'DGI TABLE'!$D$2:$D$91))/_xlfn.XLOOKUP(L79+1,'DGI TABLE'!$A$2:$A$91,'DGI TABLE'!$C$2:$C$91) -> 13.441164 | R79: =_xlfn.XLOOKUP(L79,'DGI TABLE'!$A$2:$A$91,'DGI TABLE'!$F$2:$F$91)/_xlfn.XLOOKUP(L79,'DGI TABLE'!$A$2:$A$91,'DGI TABLE'!$C$2:$C$91) -> 0.0018461549 | S79: =P79/Q79 -> 0.014161883 | T79: =O79+0.03/N79 -> 0.015434189 | U79: =MIN(S79,T79) -> 0.014161883 | V79: =_xlfn.XLOOKUP(L79+K79,'DGI TABLE'!$A$2:$A$91,'DGI TABLE'!$G$2:$G$91)/_xlfn.XLOOKUP(L79+K79,'DGI TABLE'!$A$2:$A$91,'DGI TABLE'!$C$2:$C$91) -> 0.23138163 | W79: =(_xlfn.XLOOKUP(L79+K79,'DGI TABLE'!$A$2:$A$91,'DGI TABLE'!$D$2:$D$91)-_xlfn.XLOOKUP(L79+H79,'DGI TABLE'!$A$2:$A$91,'DGI TABLE'!$D$2:$D$91))/_xlfn.XLOOKUP(L79+K79,'DGI TABLE'!$A$2:$A$91,'DGI TABLE'!$C$2:$C$91) -> 10.249979 | X79: =G79*(V79-(U79*W79)) -> 15088.961
A80: 79 | B80: NURUL IKMAL BINTI MUSTAFA | C80: F | D80: 32 | E80: WNP | F80: N/A | G80: 80000 | H80: 15 | I80: None | J80: 0 | K80: 2 | L80: =IF(C80="F",D80-3,D80) -> 29 | M80: =_xlfn.XLOOKUP(L80,'DGI TABLE'!$A$2:$A$91,'DGI TABLE'!$G$2:$G$91)/_xlfn.XLOOKUP(L80,'DGI TABLE'!$A$2:$A$91,'DGI TABLE'!$C$2:$C$91) -> 0.19646368 | N80: =(_xlfn.XLOOKUP(L80,'DGI TABLE'!$A$2:$A$91,'DGI TABLE'!$D$2:$D$91)-_xlfn.XLOOKUP(L80+H80,'DGI TABLE'!$A$2:$A$91,'DGI TABLE'!$D$2:$D$91))/_xlfn.XLOOKUP(L80,'DGI TABLE'!$A$2:$A$91,'DGI TABLE'!$C$2:$C$91) -> 11.421047 | O80: =M80/N80 -> 0.017201898 | P80: =_xlfn.XLOOKUP(L80+1,'DGI TABLE'!$A$2:$A$91,'DGI TABLE'!$G$2:$G$91)/_xlfn.XLOOKUP(L80+1,'DGI TABLE'!$A$2:$A$91,'DGI TABLE'!$C$2:$C$91) -> 0.20287145 | Q80: =(_xlfn.XLOOKUP(L80+1,'DGI TABLE'!$A$2:$A$91,'DGI TABLE'!$D$2:$D$91)-_xlfn.XLOOKUP(L80+H80,'DGI TABLE'!$A$2:$A$91,'DGI TABLE'!$D$2:$D$91))/_xlfn.XLOOKUP(L80+1,'DGI TABLE'!$A$2:$A$91,'DGI TABLE'!$C$2:$C$91) -> 10.857649 | R80: =_xlfn.XLOOKUP(L80,'DGI TABLE'!$A$2:$A$91,'DGI TABLE'!$F$2:$F$91)/_xlfn.XLOOKUP(L80,'DGI TABLE'!$A$2:$A$91,'DGI TABLE'!$C$2:$C$91) -> 0.0017500015 | S80: =P80/Q80 -> 0.018684656 | T80: =O80+0.03/N80 -> 0.019828627 | U80: =MIN(S80,T80) -> 0.018684656 | V80: =_xlfn.XLOOKUP(L80+K80,'DGI TABLE'!$A$2:$A$91,'DGI TABLE'!$G$2:$G$91)/_xlfn.XLOOKUP(L80+K80,'DGI TABLE'!$A$2:$A$91,'DGI TABLE'!$C$2:$C$91) -> 0.20957936 | W80: =(_xlfn.XLOOKUP(L80+K80,'DGI TABLE'!$A$2:$A$91,'DGI TABLE'!$D$2:$D$91)-_xlfn.XLOOKUP(L80+H80,'DGI TABLE'!$A$2:$A$91,'DGI TABLE'!$D$2:$D$91))/_xlfn.XLOOKUP(L80+K80,'DGI TABLE'!$A$2:$A$91,'DGI TABLE'!$C$2:$C$91) -> 10.270236 | X80: =G80*(V80-(U80*W80)) -> 1414.6818
A81: 80 | B81: NUR FATIHAH BINTI MAHMOOD | C81: F | D81: 45 | E81: WNP | F81: N/A | G81: 60000 | H81: 5 | I81: None | J81: 0 | K81: 2 | L81: =IF(C81="F",D81-3,D81) -> 42 | M81: =_xlfn.XLOOKUP(L81,'DGI TABLE'!$A$2:$A$91,'DGI TABLE'!$G$2:$G$91)/_xlfn.XLOOKUP(L81,'DGI TABLE'!$A$2:$A$91,'DGI TABLE'!$C$2:$C$91) -> 0.30094098 | N81: =(_xlfn.XLOOKUP(L81,'DGI TABLE'!$A$2:$A$91,'DGI TABLE'!$D$2:$D$91)-_xlfn.XLOOKUP(L81+H81,'DGI TABLE'!$A$2:$A$91,'DGI TABLE'!$D$2:$D$91))/_xlfn.XLOOKUP(L81,'DGI TABLE'!$A$2:$A$91,'DGI TABLE'!$C$2:$C$91) -> 4.5988547 | O81: =M81/N81 -> 0.065438245 | P81: =_xlfn.XLOOKUP(L81+1,'DGI TABLE'!$A$2:$A$91,'DGI TABLE'!$G$2:$G$91)/_xlfn.XLOOKUP(L81+1,'DGI TABLE'!$A$2:$A$91,'DGI TABLE'!$C$2:$C$91) -> 0.31078001 | Q81: =(_xlfn.XLOOKUP(L81+1,'DGI TABLE'!$A$2:$A$91,'DGI TABLE'!$D$2:$D$91)-_xlfn.XLOOKUP(L81+H81,'DGI TABLE'!$A$2:$A$91,'DGI TABLE'!$D$2:$D$91))/_xlfn.XLOOKUP(L81+1,'DGI TABLE'!$A$2:$A$91,'DGI TABLE'!$C$2:$C$91) -> 3.7547867 | R81: =_xlfn.XLOOKUP(L81,'DGI TABLE'!$A$2:$A$91,'DGI TABLE'!$F$2:$F$91)/_xlfn.XLOOKUP(L81,'DGI TABLE'!$A$2:$A$91,'DGI TABLE'!$C$2:$C$91) -> 0.0030673055 | S81: =P81/Q81 -> 0.08276902 | T81: =O81+0.03/N81 -> 0.071961608 | U81: =MIN(S81,T81) -> 0.071961608 | V81: =_xlfn.XLOOKUP(L81+K81,'DGI TABLE'!$A$2:$A$91,'DGI TABLE'!$G$2:$G$91)/_xlfn.XLOOKUP(L81+K81,'DGI TABLE'!$A$2:$A$91,'DGI TABLE'!$C$2:$C$91) -> 0.32084093 | W81: =(_xlfn.XLOOKUP(L81+K81,'DGI TABLE'!$A$2:$A$91,'DGI TABLE'!$D$2:$D$91)-_xlfn.XLOOKUP(L81+H81,'DGI TABLE'!$A$2:$A$91,'DGI TABLE'!$D$2:$D$91))/_xlfn.XLOOKUP(L81+K81,'DGI TABLE'!$A$2:$A$91,'DGI TABLE'!$C$2:$C$91) -> 2.8750118 | X81: =G81*(V81-(U81*W81)) -> 6837.0275
A82: 81 | B82: MUHAMMAD FIRAS BIN NASIR | C82: M | D82: 60 | E82: WNP | F82: N/A | G82: 60000 | H82: 20 | I82: None | J82: 0 | K82: 1 | L82: =IF(C82="F",D82-3,D82) -> 60 | M82: =_xlfn.XLOOKUP(L82,'DGI TABLE'!$A$2:$A$91,'DGI TABLE'!$G$2:$G$91)/_xlfn.XLOOKUP(L82,'DGI TABLE'!$A$2:$A$91,'DGI TABLE'!$C$2:$C$91) -> 0.50678583 | N82: =(_xlfn.XLOOKUP(L82,'DGI TABLE'!$A$2:$A$91,'DGI TABLE'!$D$2:$D$91)-_xlfn.XLOOKUP(L82+H82,'DGI TABLE'!$A$2:$A$91,'DGI TABLE'!$D$2:$D$91))/_xlfn.XLOOKUP(L82,'DGI TABLE'!$A$2:$A$91,'DGI TABLE'!$C$2:$C$91) -> 11.561802 | O82: =M82/N82 -> 0.04383277 | P82: =_xlfn.XLOOKUP(L82+1,'DGI TABLE'!$A$2:$A$91,'DGI TABLE'!$G$2:$G$91)/_xlfn.XLOOKUP(L82+1,'DGI TABLE'!$A$2:$A$91,'DGI TABLE'!$C$2:$C$91) -> 0.51995748 | Q82: =(_xlfn.XLOOKUP(L82+1,'DGI TABLE'!$A$2:$A$91,'DGI TABLE'!$D$2:$D$91)-_xlfn.XLOOKUP(L82+H82,'DGI TABLE'!$A$2:$A$91,'DGI TABLE'!$D$2:$D$91))/_xlfn.XLOOKUP(L82+1,'DGI TABLE'!$A$2:$A$91,'DGI TABLE'!$C$2:$C$91) -> 11.149172 | R82: =_xlfn.XLOOKUP(L82,'DGI TABLE'!$A$2:$A$91,'DGI TABLE'!$F$2:$F$91)/_xlfn.XLOOKUP(L82,'DGI TABLE'!$A$2:$A$91,'DGI TABLE'!$C$2:$C$91) -> 0.01422115 | S82: =P82/Q82 -> 0.046636422 | T82: =O82+0.03/N82 -> 0.046427521 | U82: =MIN(S82,T82) -> 0.046427521 | V82: =_xlfn.XLOOKUP(L82+K82,'DGI TABLE'!$A$2:$A$91,'DGI TABLE'!$G$2:$G$91)/_xlfn.XLOOKUP(L82+K82,'DGI TABLE'!$A$2:$A$91,'DGI TABLE'!$C$2:$C$91) -> 0.51995748 | W82: =(_xlfn.XLOOKUP(L82+K82,'DGI TABLE'!$A$2:$A$91,'DGI TABLE'!$D$2:$D$91)-_xlfn.XLOOKUP(L82+H82,'DGI TABLE'!$A$2:$A$91,'DGI TABLE'!$D$2:$D$91))/_xlfn.XLOOKUP(L82+K82,'DGI TABLE'!$A$2:$A$91,'DGI TABLE'!$C$2:$C$91) -> 11.149172 | X82: =G82*(V82-(U82*W82)) -> 139.74443
A83: 82 | B83: MUHAMMAD FAHMI BIN ABDULLAH | C83: M | D83: 22 | E83: WNP | F83: N/A | G83: 60000 | H83: 25 | I83: None | J83: 0 | K83: 8 | L83: =IF(C83="F",D83-3,D83) -> 22 | M83: =_xlfn.XLOOKUP(L83,'DGI TABLE'!$A$2:$A$91,'DGI TABLE'!$G$2:$G$91)/_xlfn.XLOOKUP(L83,'DGI TABLE'!$A$2:$A$91,'DGI TABLE'!$C$2:$C$91) -> 0.15941144 | N83: =(_xlfn.XLOOKUP(L83,'DGI TABLE'!$A$2:$A$91,'DGI TABLE'!$D$2:$D$91)-_xlfn.XLOOKUP(L83+H83,'DGI TABLE'!$A$2:$A$91,'DGI TABLE'!$D$2:$D$91))/_xlfn.XLOOKUP(L83,'DGI TABLE'!$A$2:$A$91,'DGI TABLE'!$C$2:$C$91) -> 15.915572 | O83: =M83/N83 -> 0.010016067 | P83: =_xlfn.XLOOKUP(L83+1,'DGI TABLE'!$A$2:$A$91,'DGI TABLE'!$G$2:$G$91)/_xlfn.XLOOKUP(L83+1,'DGI TABLE'!$A$2:$A$91,'DGI TABLE'!$C$2:$C$91) -> 0.16395697 | Q83: =(_xlfn.XLOOKUP(L83+1,'DGI TABLE'!$A$2:$A$91,'DGI TABLE'!$D$2:$D$91)-_xlfn.XLOOKUP(L83+H83,'DGI TABLE'!$A$2:$A$91,'DGI TABLE'!$D$2:$D$91))/_xlfn.XLOOKUP(L83+1,'DGI TABLE'!$A$2:$A$91,'DGI TABLE'!$C$2:$C$91) -> 15.546241 | R83: =_xlfn.XLOOKUP(L83,'DGI TABLE'!$A$2:$A$91,'DGI TABLE'!$F$2:$F$91)/_xlfn.XLOOKUP(L83,'DGI TABLE'!$A$2:$A$91,'DGI TABLE'!$C$2:$C$91) -> 0.0021057684 | S83: =P83/Q83 -> 0.010546406 | T83: =O83+0.03/N83 -> 0.011901014 | U83: =MIN(S83,T83) -> 0.010546406 | V83: =_xlfn.XLOOKUP(L83+K83,'DGI TABLE'!$A$2:$A$91,'DGI TABLE'!$G$2:$G$91)/_xlfn.XLOOKUP(L83+K83,'DGI TABLE'!$A$2:$A$91,'DGI TABLE'!$C$2:$C$91) -> 0.20287145 | W83: =(_xlfn.XLOOKUP(L83+K83,'DGI TABLE'!$A$2:$A$91,'DGI TABLE'!$D$2:$D$91)-_xlfn.XLOOKUP(L83+H83,'DGI TABLE'!$A$2:$A$91,'DGI TABLE'!$D$2:$D$91))/_xlfn.XLOOKUP(L83+K83,'DGI TABLE'!$A$2:$A$91,'DGI TABLE'!$C$2:$C$91) -> 12.464259 | X83: =G83*(V83-(U83*W83)) -> 4285.0989
A84: 83 | B84: AHMAD FIRDAUS BIN RAHIM | C84: M | D84: 42 | E84: WNP | F84: N/A | G84: 180000 | H84: 5 | I84: None | J84: 0 | K84: 2 | L84: =IF(C84="F",D84-3,D84) -> 42 | M84: =_xlfn.XLOOKUP(L84,'DGI TABLE'!$A$2:$A$91,'DGI TABLE'!$G$2:$G$91)/_xlfn.XLOOKUP(L84,'DGI TABLE'!$A$2:$A$91,'DGI TABLE'!$C$2:$C$91) -> 0.30094098 | N84: =(_xlfn.XLOOKUP(L84,'DGI TABLE'!$A$2:$A$91,'DGI TABLE'!$D$2:$D$91)-_xlfn.XLOOKUP(L84+H84,'DGI TABLE'!$A$2:$A$91,'DGI TABLE'!$D$2:$D$91))/_xlfn.XLOOKUP(L84,'DGI TABLE'!$A$2:$A$91,'DGI TABLE'!$C$2:$C$91) -> 4.5988547 | O84: =M84/N84 -> 0.065438245 | P84: =_xlfn.XLOOKUP(L84+1,'DGI TABLE'!$A$2:$A$91,'DGI TABLE'!$G$2:$G$91)/_xlfn.XLOOKUP(L84+1,'DGI TABLE'!$A$2:$A$91,'DGI TABLE'!$C$2:$C$91) -> 0.31078001 | Q84: =(_xlfn.XLOOKUP(L84+1,'DGI TABLE'!$A$2:$A$91,'DGI TABLE'!$D$2:$D$91)-_xlfn.XLOOKUP(L84+H84,'DGI TABLE'!$A$2:$A$91,'DGI TABLE'!$D$2:$D$91))/_xlfn.XLOOKUP(L84+1,'DGI TABLE'!$A$2:$A$91,'DGI TABLE'!$C$2:$C$91) -> 3.7547867 | R84: =_xlfn.XLOOKUP(L84,'DGI TABLE'!$A$2:$A$91,'DGI TABLE'!$F$2:$F$91)/_xlfn.XLOOKUP(L84,'DGI TABLE'!$A$2:$A$91,'DGI TABLE'!$C$2:$C$91) -> 0.0030673055 | S84: =P84/Q84 -> 0.08276902 | T84: =O84+0.03/N84 -> 0.071961608 | U84: =MIN(S84,T84) -> 0.071961608 | V84: =_xlfn.XLOOKUP(L84+K84,'DGI TABLE'!$A$2:$A$91,'DGI TABLE'!$G$2:$G$91)/_xlfn.XLOOKUP(L84+K84,'DGI TABLE'!$A$2:$A$91,'DGI TABLE'!$C$2:$C$91) -> 0.32084093 | W84: =(_xlfn.XLOOKUP(L84+K84,'DGI TABLE'!$A$2:$A$91,'DGI TABLE'!$D$2:$D$91)-_xlfn.XLOOKUP(L84+H84,'DGI TABLE'!$A$2:$A$91,'DGI TABLE'!$D$2:$D$91))/_xlfn.XLOOKUP(L84+K84,'DGI TABLE'!$A$2:$A$91,'DGI TABLE'!$C$2:$C$91) -> 2.8750118 | X84: =G84*(V84-(U84*W84)) -> 20511.082
A85: 84 | B85: AHMAD DANIAL BIN KAMARUDDIN | C85: M | D85: 37 | E85: WNP | F85: N/A | G85: 175000 | H85: 20 | I85: None | J85: 0 | K85: 4 | L85: =IF(C85="F",D85-3,D85) -> 37 | M85: =_xlfn.XLOOKUP(L85,'DGI TABLE'!$A$2:$A$91,'DGI TABLE'!$G$2:$G$91)/_xlfn.XLOOKUP(L85,'DGI TABLE'!$A$2:$A$91,'DGI TABLE'!$C$2:$C$91) -> 0.25550998 | N85: =(_xlfn.XLOOKUP(L85,'DGI TABLE'!$A$2:$A$91,'DGI TABLE'!$D$2:$D$91)-_xlfn.XLOOKUP(L85+H85,'DGI TABLE'!$A$2:$A$91,'DGI TABLE'!$D$2:$D$91))/_xlfn.XLOOKUP(L85,'DGI TABLE'!$A$2:$A$91,'DGI TABLE'!$C$2:$C$91) -> 13.711651 | O85: =M85/N85 -> 0.018634516 | P85: =_xlfn.XLOOKUP(L85+1,'DGI TABLE'!$A$2:$A$91,'DGI TABLE'!$G$2:$G$91)/_xlfn.XLOOKUP(L85+1,'DGI TABLE'!$A$2:$A$91,'DGI TABLE'!$C$2:$C$91) -> 0.26406718 | Q85: =(_xlfn.XLOOKUP(L85+1,'DGI TABLE'!$A$2:$A$91,'DGI TABLE'!$D$2:$D$91)-_xlfn.XLOOKUP(L85+H85,'DGI TABLE'!$A$2:$A$91,'DGI TABLE'!$D$2:$D$91))/_xlfn.XLOOKUP(L85+1,'DGI TABLE'!$A$2:$A$91,'DGI TABLE'!$C$2:$C$91) -> 13.250063 | R85: =_xlfn.XLOOKUP(L85,'DGI TABLE'!$A$2:$A$91,'DGI TABLE'!$F$2:$F$91)/_xlfn.XLOOKUP(L85,'DGI TABLE'!$A$2:$A$91,'DGI TABLE'!$C$2:$C$91) -> 0.0021730752 | S85: =P85/Q85 -> 0.019929504 | T85: =O85+0.03/N85 -> 0.020822436 | U85: =MIN(S85,T85) -> 0.019929504 | V85: =_xlfn.XLOOKUP(L85+K85,'DGI TABLE'!$A$2:$A$91,'DGI TABLE'!$G$2:$G$91)/_xlfn.XLOOKUP(L85+K85,'DGI TABLE'!$A$2:$A$91,'DGI TABLE'!$C$2:$C$91) -> 0.29133578 | W85: =(_xlfn.XLOOKUP(L85+K85,'DGI TABLE'!$A$2:$A$91,'DGI TABLE'!$D$2:$D$91)-_xlfn.XLOOKUP(L85+H85,'DGI TABLE'!$A$2:$A$91,'DGI TABLE'!$D$2:$D$91))/_xlfn.XLOOKUP(L85+K85,'DGI TABLE'!$A$2:$A$91,'DGI TABLE'!$C$2:$C$91) -> 11.75546 | X85: =G85*(V85-(U85*W85)) -> 9984.6754
A86: 85 | B86: MUHAMMAD ADAM BIN HASSAN | C86: M | D86: 60 | E86: WNP | F86: N/A | G86: 120000 | H86: 25 | I86: None | J86: 0 | K86: 5 | L86: =IF(C86="F",D86-3,D86) -> 60 | M86: =_xlfn.XLOOKUP(L86,'DGI TABLE'!$A$2:$A$91,'DGI TABLE'!$G$2:$G$91)/_xlfn.XLOOKUP(L86,'DGI TABLE'!$A$2:$A$91,'DGI TABLE'!$C$2:$C$91) -> 0.50678583 | N86: =(_xlfn.XLOOKUP(L86,'DGI TABLE'!$A$2:$A$91,'DGI TABLE'!$D$2:$D$91)-_xlfn.XLOOKUP(L86+H86,'DGI TABLE'!$A$2:$A$91,'DGI TABLE'!$D$2:$D$91))/_xlfn.XLOOKUP(L86,'DGI TABLE'!$A$2:$A$91,'DGI TABLE'!$C$2:$C$91) -> 12.345797 | O86: =M86/N86 -> 0.041049259 | P86: =_xlfn.XLOOKUP(L86+1,'DGI TABLE'!$A$2:$A$91,'DGI TABLE'!$G$2:$G$91)/_xlfn.XLOOKUP(L86+1,'DGI TABLE'!$A$2:$A$91,'DGI TABLE'!$C$2:$C$91) -> 0.51995748 | Q86: =(_xlfn.XLOOKUP(L86+1,'DGI TABLE'!$A$2:$A$91,'DGI TABLE'!$D$2:$D$91)-_xlfn.XLOOKUP(L86+H86,'DGI TABLE'!$A$2:$A$91,'DGI TABLE'!$D$2:$D$91))/_xlfn.XLOOKUP(L86+1,'DGI TABLE'!$A$2:$A$91,'DGI TABLE'!$C$2:$C$91) -> 11.976767 | R86: =_xlfn.XLOOKUP(L86,'DGI TABLE'!$A$2:$A$91,'DGI TABLE'!$F$2:$F$91)/_xlfn.XLOOKUP(L86,'DGI TABLE'!$A$2:$A$91,'DGI TABLE'!$C$2:$C$91) -> 0.01422115 | S86: =P86/Q86 -> 0.043413845 | T86: =O86+0.03/N86 -> 0.043479236 | U86: =MIN(S86,T86) -> 0.043413845 | V86: =_xlfn.XLOOKUP(L86+K86,'DGI TABLE'!$A$2:$A$91,'DGI TABLE'!$G$2:$G$91)/_xlfn.XLOOKUP(L86+K86,'DGI TABLE'!$A$2:$A$91,'DGI TABLE'!$C$2:$C$91) -> 0.5737719 | W86: =(_xlfn.XLOOKUP(L86+K86,'DGI TABLE'!$A$2:$A$91,'DGI TABLE'!$D$2:$D$91)-_xlfn.XLOOKUP(L86+H86,'DGI TABLE'!$A$2:$A$91,'DGI TABLE'!$D$2:$D$91))/_xlfn.XLOOKUP(L86+K86,'DGI TABLE'!$A$2:$A$91,'DGI TABLE'!$C$2:$C$91) -> 10.446649 | X86: =G86*(V86-(U86*W86)) -> 14429.126
A87: 86 | B87: NUR SYAZWANI BINTI SALLEH | C87: F | D87: 53 | E87: WPC | F87: N/A | G87: 100000 | H87: 5 | I87: CRB | J87: 0.05 | K87: 4 | L87: =IF(C87="F",D87-3,D87) -> 50 | M87: =_xlfn.XLOOKUP(L87,'DGI TABLE'!$A$2:$A$91,'DGI TABLE'!$G$2:$G$91)/_xlfn.XLOOKUP(L87,'DGI TABLE'!$A$2:$A$91,'DGI TABLE'!$C$2:$C$91) -> 0.3854941 | N87: =(_xlfn.XLOOKUP(L87,'DGI TABLE'!$A$2:$A$91,'DGI TABLE'!$D$2:$D$91)-_xlfn.XLOOKUP(L87+H87,'DGI TABLE'!$A$2:$A$91,'DGI TABLE'!$D$2:$D$91))/_xlfn.XLOOKUP(L87,'DGI TABLE'!$A$2:$A$91,'DGI TABLE'!$C$2:$C$91) -> 4.5659967 | O87: =M87/N87 -> 0.084427152 | P87: =_xlfn.XLOOKUP(L87+1,'DGI TABLE'!$A$2:$A$91,'DGI TABLE'!$G$2:$G$91)/_xlfn.XLOOKUP(L87+1,'DGI TABLE'!$A$2:$A$91,'DGI TABLE'!$C$2:$C$91) -> 0.39693362 | Q87: =(_xlfn.XLOOKUP(L87+1,'DGI TABLE'!$A$2:$A$91,'DGI TABLE'!$D$2:$D$91)-_xlfn.XLOOKUP(L87+H87,'DGI TABLE'!$A$2:$A$91,'DGI TABLE'!$D$2:$D$91))/_xlfn.XLOOKUP(L87+1,'DGI TABLE'!$A$2:$A$91,'DGI TABLE'!$C$2:$C$91) -> 3.7332762 | R87: =_xlfn.XLOOKUP(L87,'DGI TABLE'!$A$2:$A$91,'DGI TABLE'!$F$2:$F$91)/_xlfn.XLOOKUP(L87,'DGI TABLE'!$A$2:$A$91,'DGI TABLE'!$C$2:$C$91) -> 0.0063461531 | S87: =P87/Q87 -> 0.10632313 | T87: =O87+0.03/N87 -> 0.090997459 | U87: =MIN(S87,T87) -> 0.090997459 | V87: =_xlfn.XLOOKUP(L87+K87,'DGI TABLE'!$A$2:$A$91,'DGI TABLE'!$G$2:$G$91)/_xlfn.XLOOKUP(L87+K87,'DGI TABLE'!$A$2:$A$91,'DGI TABLE'!$C$2:$C$91) -> 0.43220414 | W87: =(_xlfn.XLOOKUP(L87+K87,'DGI TABLE'!$A$2:$A$91,'DGI TABLE'!$D$2:$D$91)-_xlfn.XLOOKUP(L87+H87,'DGI TABLE'!$A$2:$A$91,'DGI TABLE'!$D$2:$D$91))/_xlfn.XLOOKUP(L87+K87,'DGI TABLE'!$A$2:$A$91,'DGI TABLE'!$C$2:$C$91) -> 1.0000001 | X87: =G87*((((1+J87)^(K87-1))*V87)-(U87*W87)) -> 40933.285
A88: 87 | B88: NUR HAZREENA BINTI JAMAL | C88: F | D88: 46 | E88: WPC | F88: N/A | G88: 80000 | H88: 5 | I88: CRB | J88: 0.05 | K88: 3 | L88: =IF(C88="F",D88-3,D88) -> 43 | M88: =_xlfn.XLOOKUP(L88,'DGI TABLE'!$A$2:$A$91,'DGI TABLE'!$G$2:$G$91)/_xlfn.XLOOKUP(L88,'DGI TABLE'!$A$2:$A$91,'DGI TABLE'!$C$2:$C$91) -> 0.31078001 | N88: =(_xlfn.XLOOKUP(L88,'DGI TABLE'!$A$2:$A$91,'DGI TABLE'!$D$2:$D$91)-_xlfn.XLOOKUP(L88+H88,'DGI TABLE'!$A$2:$A$91,'DGI TABLE'!$D$2:$D$91))/_xlfn.XLOOKUP(L88,'DGI TABLE'!$A$2:$A$91,'DGI TABLE'!$C$2:$C$91) -> 4.5959027 | O88: =M88/N88 -> 0.067621104 | P88: =_xlfn.XLOOKUP(L88+1,'DGI TABLE'!$A$2:$A$91,'DGI TABLE'!$G$2:$G$91)/_xlfn.XLOOKUP(L88+1,'DGI TABLE'!$A$2:$A$91,'DGI TABLE'!$C$2:$C$91) -> 0.32084093 | Q88: =(_xlfn.XLOOKUP(L88+1,'DGI TABLE'!$A$2:$A$91,'DGI TABLE'!$D$2:$D$91)-_xlfn.XLOOKUP(L88+H88,'DGI TABLE'!$A$2:$A$91,'DGI TABLE'!$D$2:$D$91))/_xlfn.XLOOKUP(L88+1,'DGI TABLE'!$A$2:$A$91,'DGI TABLE'!$C$2:$C$91) -> 3.7528361 | R88: =_xlfn.XLOOKUP(L88,'DGI TABLE'!$A$2:$A$91,'DGI TABLE'!$F$2:$F$91)/_xlfn.XLOOKUP(L88,'DGI TABLE'!$A$2:$A$91,'DGI TABLE'!$C$2:$C$91) -> 0.0033557667 | S88: =P88/Q88 -> 0.085492926 | T88: =O88+0.03/N88 -> 0.074148657 | U88: =MIN(S88,T88) -> 0.074148657 | V88: =_xlfn.XLOOKUP(L88+K88,'DGI TABLE'!$A$2:$A$91,'DGI TABLE'!$G$2:$G$91)/_xlfn.XLOOKUP(L88+K88,'DGI TABLE'!$A$2:$A$91,'DGI TABLE'!$C$2:$C$91) -> 0.34159856 | W88: =(_xlfn.XLOOKUP(L88+K88,'DGI TABLE'!$A$2:$A$91,'DGI TABLE'!$D$2:$D$91)-_xlfn.XLOOKUP(L88+H88,'DGI TABLE'!$A$2:$A$91,'DGI TABLE'!$D$2:$D$91))/_xlfn.XLOOKUP(L88+K88,'DGI TABLE'!$A$2:$A$91,'DGI TABLE'!$C$2:$C$91) -> 1.9571154 | X88: =G88*((((1+J88)^(K88-1))*V88)-(U88*W88)) -> 18519.594
A89: 88 | B89: MUHAMMAD FAREEZ BIN ABDUL HALIM | C89: M | D89: 57 | E89: WPC | F89: N/A | G89: 60000 | H89: 20 | I89: CRB | J89: 0.05 | K89: 6 | L89: =IF(C89="F",D89-3,D89) -> 57 | M89: =_xlfn.XLOOKUP(L89,'DGI TABLE'!$A$2:$A$91,'DGI TABLE'!$G$2:$G$91)/_xlfn.XLOOKUP(L89,'DGI TABLE'!$A$2:$A$91,'DGI TABLE'!$C$2:$C$91) -> 0.46868281 | N89: =(_xlfn.XLOOKUP(L89,'DGI TABLE'!$A$2:$A$91,'DGI TABLE'!$D$2:$D$91)-_xlfn.XLOOKUP(L89+H89,'DGI TABLE'!$A$2:$A$91,'DGI TABLE'!$D$2:$D$91))/_xlfn.XLOOKUP(L89,'DGI TABLE'!$A$2:$A$91,'DGI TABLE'!$C$2:$C$91) -> 12.07095 | O89: =M89/N89 -> 0.038827333 | P89: =_xlfn.XLOOKUP(L89+1,'DGI TABLE'!$A$2:$A$91,'DGI TABLE'!$G$2:$G$91)/_xlfn.XLOOKUP(L89+1,'DGI TABLE'!$A$2:$A$91,'DGI TABLE'!$C$2:$C$91) -> 0.48115203 | Q89: =(_xlfn.XLOOKUP(L89+1,'DGI TABLE'!$A$2:$A$91,'DGI TABLE'!$D$2:$D$91)-_xlfn.XLOOKUP(L89+H89,'DGI TABLE'!$A$2:$A$91,'DGI TABLE'!$D$2:$D$91))/_xlfn.XLOOKUP(L89+1,'DGI TABLE'!$A$2:$A$91,'DGI TABLE'!$C$2:$C$91) -> 11.654811 | R89: =_xlfn.XLOOKUP(L89,'DGI TABLE'!$A$2:$A$91,'DGI TABLE'!$F$2:$F$91)/_xlfn.XLOOKUP(L89,'DGI TABLE'!$A$2:$A$91,'DGI TABLE'!$C$2:$C$91) -> 0.011634618 | S89: =P89/Q89 -> 0.041283555 | T89: =O89+0.03/N89 -> 0.041312638 | U89: =MIN(S89,T89) -> 0.041283555 | V89: =_xlfn.XLOOKUP(L89+K89,'DGI TABLE'!$A$2:$A$91,'DGI TABLE'!$G$2:$G$91)/_xlfn.XLOOKUP(L89+K89,'DGI TABLE'!$A$2:$A$91,'DGI TABLE'!$C$2:$C$91) -> 0.54674349 | W89: =(_xlfn.XLOOKUP(L89+K89,'DGI TABLE'!$A$2:$A$91,'DGI TABLE'!$D$2:$D$91)-_xlfn.XLOOKUP(L89+H89,'DGI TABLE'!$A$2:$A$91,'DGI TABLE'!$D$2:$D$91))/_xlfn.XLOOKUP(L89+K89,'DGI TABLE'!$A$2:$A$91,'DGI TABLE'!$C$2:$C$91) -> 9.376709 | X89: =G89*((((1+J89)^(K89-1))*V89)-(U89*W89)) -> 18641.686
A90: 89 | B90: MUHAMMAD HAFIZ BIN OSMAN | C90: M | D90: 43 | E90: WPC | F90: N/A | G90: 50000 | H90: 20 | I90: CRB | J90: 0.05 | K90: 3 | L90: =IF(C90="F",D90-3,D90) -> 43 | M90: =_xlfn.XLOOKUP(L90,'DGI TABLE'!$A$2:$A$91,'DGI TABLE'!$G$2:$G$91)/_xlfn.XLOOKUP(L90,'DGI TABLE'!$A$2:$A$91,'DGI TABLE'!$C$2:$C$91) -> 0.31078001 | N90: =(_xlfn.XLOOKUP(L90,'DGI TABLE'!$A$2:$A$91,'DGI TABLE'!$D$2:$D$91)-_xlfn.XLOOKUP(L90+H90,'DGI TABLE'!$A$2:$A$91,'DGI TABLE'!$D$2:$D$91))/_xlfn.XLOOKUP(L90,'DGI TABLE'!$A$2:$A$91,'DGI TABLE'!$C$2:$C$91) -> 13.436868 | O90: =M90/N90 -> 0.023128902 | P90: =_xlfn.XLOOKUP(L90+1,'DGI TABLE'!$A$2:$A$91,'DGI TABLE'!$G$2:$G$91)/_xlfn.XLOOKUP(L90+1,'DGI TABLE'!$A$2:$A$91,'DGI TABLE'!$C$2:$C$91) -> 0.32084093 | Q90: =(_xlfn.XLOOKUP(L90+1,'DGI TABLE'!$A$2:$A$91,'DGI TABLE'!$D$2:$D$91)-_xlfn.XLOOKUP(L90+H90,'DGI TABLE'!$A$2:$A$91,'DGI TABLE'!$D$2:$D$91))/_xlfn.XLOOKUP(L90+1,'DGI TABLE'!$A$2:$A$91,'DGI TABLE'!$C$2:$C$91) -> 12.979642 | R90: =_xlfn.XLOOKUP(L90,'DGI TABLE'!$A$2:$A$91,'DGI TABLE'!$F$2:$F$91)/_xlfn.XLOOKUP(L90,'DGI TABLE'!$A$2:$A$91,'DGI TABLE'!$C$2:$C$91) -> 0.0033557667 | S90: =P90/Q90 -> 0.024718782 | T90: =O90+0.03/N90 -> 0.025361565 | U90: =MIN(S90,T90) -> 0.024718782 | V90: =_xlfn.XLOOKUP(L90+K90,'DGI TABLE'!$A$2:$A$91,'DGI TABLE'!$G$2:$G$91)/_xlfn.XLOOKUP(L90+K90,'DGI TABLE'!$A$2:$A$91,'DGI TABLE'!$C$2:$C$91) -> 0.34159856 | W90: =(_xlfn.XLOOKUP(L90+K90,'DGI TABLE'!$A$2:$A$91,'DGI TABLE'!$D$2:$D$91)-_xlfn.XLOOKUP(L90+H90,'DGI TABLE'!$A$2:$A$91,'DGI TABLE'!$D$2:$D$91))/_xlfn.XLOOKUP(L90+K90,'DGI TABLE'!$A$2:$A$91,'DGI TABLE'!$C$2:$C$91) -> 12.01735 | X90: =G90*((((1+J90)^(K90-1))*V90)-(U90*W90)) -> 3977.9072
A91: 90 | B91: NUR SYAFIQAH BINTI ALI | C91: F | D91: 37 | E91: WPC | F91: N/A | G91: 100000 | H91: 10 | I91: CRB | J91: 0.05 | K91: 9 | L91: =IF(C91="F",D91-3,D91) -> 34 | M91: =_xlfn.XLOOKUP(L91,'DGI TABLE'!$A$2:$A$91,'DGI TABLE'!$G$2:$G$91)/_xlfn.XLOOKUP(L91,'DGI TABLE'!$A$2:$A$91,'DGI TABLE'!$C$2:$C$91) -> 0.23138163 | N91: =(_xlfn.XLOOKUP(L91,'DGI TABLE'!$A$2:$A$91,'DGI TABLE'!$D$2:$D$91)-_xlfn.XLOOKUP(L91+H91,'DGI TABLE'!$A$2:$A$91,'DGI TABLE'!$D$2:$D$91))/_xlfn.XLOOKUP(L91,'DGI TABLE'!$A$2:$A$91,'DGI TABLE'!$C$2:$C$91) -> 8.3568979 | O91: =M91/N91 -> 0.027687503 | P91: =_xlfn.XLOOKUP(L91+1,'DGI TABLE'!$A$2:$A$91,'DGI TABLE'!$G$2:$G$91)/_xlfn.XLOOKUP(L91+1,'DGI TABLE'!$A$2:$A$91,'DGI TABLE'!$C$2:$C$91) -> 0.23916849 | Q91: =(_xlfn.XLOOKUP(L91+1,'DGI TABLE'!$A$2:$A$91,'DGI TABLE'!$D$2:$D$91)-_xlfn.XLOOKUP(L91+H91,'DGI TABLE'!$A$2:$A$91,'DGI TABLE'!$D$2:$D$91))/_xlfn.XLOOKUP(L91+1,'DGI TABLE'!$A$2:$A$91,'DGI TABLE'!$C$2:$C$91) -> 7.6659691 | R91: =_xlfn.XLOOKUP(L91,'DGI TABLE'!$A$2:$A$91,'DGI TABLE'!$F$2:$F$91)/_xlfn.XLOOKUP(L91,'DGI TABLE'!$A$2:$A$91,'DGI TABLE'!$C$2:$C$91) -> 0.0018557694 | S91: =P91/Q91 -> 0.031198729 | T91: =O91+0.03/N91 -> 0.031277351 | U91: =MIN(S91,T91) -> 0.031198729 | V91: =_xlfn.XLOOKUP(L91+K91,'DGI TABLE'!$A$2:$A$91,'DGI TABLE'!$G$2:$G$91)/_xlfn.XLOOKUP(L91+K91,'DGI TABLE'!$A$2:$A$91,'DGI TABLE'!$C$2:$C$91) -> 0.31078001 | W91: =(_xlfn.XLOOKUP(L91+K91,'DGI TABLE'!$A$2:$A$91,'DGI TABLE'!$D$2:$D$91)-_xlfn.XLOOKUP(L91+H91,'DGI TABLE'!$A$2:$A$91,'DGI TABLE'!$D$2:$D$91))/_xlfn.XLOOKUP(L91+K91,'DGI TABLE'!$A$2:$A$91,'DGI TABLE'!$C$2:$C$91) -> 1 | X91: =G91*((((1+J91)^(K91-1))*V91)-(U91*W91)) -> 42796.489
A92: 91 | B92: NUR AIN SOFEA BINTI ZAKARIA | C92: F | D92: 51 | E92: WPC | F92: N/A | G92: 120000 | H92: 5 | I92: CRB | J92: 0.05 | K92: 3 | L92: =IF(C92="F",D92-3,D92) -> 48 | M92: =_xlfn.XLOOKUP(L92,'DGI TABLE'!$A$2:$A$91,'DGI TABLE'!$G$2:$G$91)/_xlfn.XLOOKUP(L92,'DGI TABLE'!$A$2:$A$91,'DGI TABLE'!$C$2:$C$91) -> 0.36315825 | N92: =(_xlfn.XLOOKUP(L92,'DGI TABLE'!$A$2:$A$91,'DGI TABLE'!$D$2:$D$91)-_xlfn.XLOOKUP(L92+H92,'DGI TABLE'!$A$2:$A$91,'DGI TABLE'!$D$2:$D$91))/_xlfn.XLOOKUP(L92,'DGI TABLE'!$A$2:$A$91,'DGI TABLE'!$C$2:$C$91) -> 4.5764282 | O92: =M92/N92 -> 0.079354081 | P92: =_xlfn.XLOOKUP(L92+1,'DGI TABLE'!$A$2:$A$91,'DGI TABLE'!$G$2:$G$91)/_xlfn.XLOOKUP(L92+1,'DGI TABLE'!$A$2:$A$91,'DGI TABLE'!$C$2:$C$91) -> 0.37423033 | Q92: =(_xlfn.XLOOKUP(L92+1,'DGI TABLE'!$A$2:$A$91,'DGI TABLE'!$D$2:$D$91)-_xlfn.XLOOKUP(L92+H92,'DGI TABLE'!$A$2:$A$91,'DGI TABLE'!$D$2:$D$91))/_xlfn.XLOOKUP(L92+1,'DGI TABLE'!$A$2:$A$91,'DGI TABLE'!$C$2:$C$91) -> 3.7401309 | R92: =_xlfn.XLOOKUP(L92,'DGI TABLE'!$A$2:$A$91,'DGI TABLE'!$F$2:$F$91)/_xlfn.XLOOKUP(L92,'DGI TABLE'!$A$2:$A$91,'DGI TABLE'!$C$2:$C$91) -> 0.0053076929 | S92: =P92/Q92 -> 0.10005808 | T92: =O92+0.03/N92 -> 0.085909412 | U92: =MIN(S92,T92) -> 0.085909412 | V92: =_xlfn.XLOOKUP(L92+K92,'DGI TABLE'!$A$2:$A$91,'DGI TABLE'!$G$2:$G$91)/_xlfn.XLOOKUP(L92+K92,'DGI TABLE'!$A$2:$A$91,'DGI TABLE'!$C$2:$C$91) -> 0.39693362 | W92: =(_xlfn.XLOOKUP(L92+K92,'DGI TABLE'!$A$2:$A$91,'DGI TABLE'!$D$2:$D$91)-_xlfn.XLOOKUP(L92+H92,'DGI TABLE'!$A$2:$A$91,'DGI TABLE'!$D$2:$D$91))/_xlfn.XLOOKUP(L92+K92,'DGI TABLE'!$A$2:$A$91,'DGI TABLE'!$C$2:$C$91) -> 1.9546058 | X92: =G92*((((1+J92)^(K92-1))*V92)-(U92*W92)) -> 32364.034
A93: 92 | B93: AHMAD RIZQI BIN HALIM | C93: M | D93: 21 | E93: WPC | F93: N/A | G93: 75000 | H93: 10 | I93: CRB | J93: 0.05 | K93: 6 | L93: =IF(C93="F",D93-3,D93) -> 21 | M93: =_xlfn.XLOOKUP(L93,'DGI TABLE'!$A$2:$A$91,'DGI TABLE'!$G$2:$G$91)/_xlfn.XLOOKUP(L93,'DGI TABLE'!$A$2:$A$91,'DGI TABLE'!$C$2:$C$91) -> 0.15495333 | N93: =(_xlfn.XLOOKUP(L93,'DGI TABLE'!$A$2:$A$91,'DGI TABLE'!$D$2:$D$91)-_xlfn.XLOOKUP(L93+H93,'DGI TABLE'!$A$2:$A$91,'DGI TABLE'!$D$2:$D$91))/_xlfn.XLOOKUP(L93,'DGI TABLE'!$A$2:$A$91,'DGI TABLE'!$C$2:$C$91) -> 8.3623767 | O93: =M93/N93 -> 0.018529819 | P93: =_xlfn.XLOOKUP(L93+1,'DGI TABLE'!$A$2:$A$91,'DGI TABLE'!$G$2:$G$91)/_xlfn.XLOOKUP(L93+1,'DGI TABLE'!$A$2:$A$91,'DGI TABLE'!$C$2:$C$91) -> 0.15941144 | Q93: =(_xlfn.XLOOKUP(L93+1,'DGI TABLE'!$A$2:$A$91,'DGI TABLE'!$D$2:$D$91)-_xlfn.XLOOKUP(L93+H93,'DGI TABLE'!$A$2:$A$91,'DGI TABLE'!$D$2:$D$91))/_xlfn.XLOOKUP(L93+1,'DGI TABLE'!$A$2:$A$91,'DGI TABLE'!$C$2:$C$91) -> 7.6727543 | R93: =_xlfn.XLOOKUP(L93,'DGI TABLE'!$A$2:$A$91,'DGI TABLE'!$F$2:$F$91)/_xlfn.XLOOKUP(L93,'DGI TABLE'!$A$2:$A$91,'DGI TABLE'!$C$2:$C$91) -> 0.0019903856 | S93: =P93/Q93 -> 0.0207763 | T93: =O93+0.03/N93 -> 0.022117316 | U93: =MIN(S93,T93) -> 0.0207763 | V93: =_xlfn.XLOOKUP(L93+K93,'DGI TABLE'!$A$2:$A$91,'DGI TABLE'!$G$2:$G$91)/_xlfn.XLOOKUP(L93+K93,'DGI TABLE'!$A$2:$A$91,'DGI TABLE'!$C$2:$C$91) -> 0.18452569 | W93: =(_xlfn.XLOOKUP(L93+K93,'DGI TABLE'!$A$2:$A$91,'DGI TABLE'!$D$2:$D$91)-_xlfn.XLOOKUP(L93+H93,'DGI TABLE'!$A$2:$A$91,'DGI TABLE'!$D$2:$D$91))/_xlfn.XLOOKUP(L93+K93,'DGI TABLE'!$A$2:$A$91,'DGI TABLE'!$C$2:$C$91) -> 3.7647662 | X93: =G93*((((1+J93)^(K93-1))*V93)-(U93*W93)) -> 11796.662
A94: 93 | B94: SITI NURSYAZANA BINTI RAZALI | C94: F | D94: 48 | E94: WPC | F94: N/A | G94: 200000 | H94: 5 | I94: CRB | J94: 0.05 | K94: 3 | L94: =IF(C94="F",D94-3,D94) -> 45 | M94: =_xlfn.XLOOKUP(L94,'DGI TABLE'!$A$2:$A$91,'DGI TABLE'!$G$2:$G$91)/_xlfn.XLOOKUP(L94,'DGI TABLE'!$A$2:$A$91,'DGI TABLE'!$C$2:$C$91) -> 0.33111274 | N94: =(_xlfn.XLOOKUP(L94,'DGI TABLE'!$A$2:$A$91,'DGI TABLE'!$D$2:$D$91)-_xlfn.XLOOKUP(L94+H94,'DGI TABLE'!$A$2:$A$91,'DGI TABLE'!$D$2:$D$91))/_xlfn.XLOOKUP(L94,'DGI TABLE'!$A$2:$A$91,'DGI TABLE'!$C$2:$C$91) -> 4.5890804 | O94: =M94/N94 -> 0.072152307 | P94: =_xlfn.XLOOKUP(L94+1,'DGI TABLE'!$A$2:$A$91,'DGI TABLE'!$G$2:$G$91)/_xlfn.XLOOKUP(L94+1,'DGI TABLE'!$A$2:$A$91,'DGI TABLE'!$C$2:$C$91) -> 0.34159856 | Q94: =(_xlfn.XLOOKUP(L94+1,'DGI TABLE'!$A$2:$A$91,'DGI TABLE'!$D$2:$D$91)-_xlfn.XLOOKUP(L94+H94,'DGI TABLE'!$A$2:$A$91,'DGI TABLE'!$D$2:$D$91))/_xlfn.XLOOKUP(L94+1,'DGI TABLE'!$A$2:$A$91,'DGI TABLE'!$C$2:$C$91) -> 3.7483494 | R94: =_xlfn.XLOOKUP(L94,'DGI TABLE'!$A$2:$A$91,'DGI TABLE'!$F$2:$F$91)/_xlfn.XLOOKUP(L94,'DGI TABLE'!$A$2:$A$91,'DGI TABLE'!$C$2:$C$91) -> 0.0040288478 | S94: =P94/Q94 -> 0.091133063 | T94: =O94+0.03/N94 -> 0.078689564 | U94: =MIN(S94,T94) -> 0.078689564 | V94: =_xlfn.XLOOKUP(L94+K94,'DGI TABLE'!$A$2:$A$91,'DGI TABLE'!$G$2:$G$91)/_xlfn.XLOOKUP(L94+K94,'DGI TABLE'!$A$2:$A$91,'DGI TABLE'!$C$2:$C$91) -> 0.36315825 | W94: =(_xlfn.XLOOKUP(L94+K94,'DGI TABLE'!$A$2:$A$91,'DGI TABLE'!$D$2:$D$91)-_xlfn.XLOOKUP(L94+H94,'DGI TABLE'!$A$2:$A$91,'DGI TABLE'!$D$2:$D$91))/_xlfn.XLOOKUP(L94+K94,'DGI TABLE'!$A$2:$A$91,'DGI TABLE'!$C$2:$C$91) -> 1.9562307 | X94: =G94*((((1+J94)^(K94-1))*V94)-(U94*W94)) -> 49289.406
A95: 94 | B95: SITI AISYAH BINTI KAMAL | C95: F | D95: 56 | E95: WPC | F95: N/A | G95: 80000 | H95: 25 | I95: CRB | J95: 0.05 | K95: 5 | L95: =IF(C95="F",D95-3,D95) -> 53 | M95: =_xlfn.XLOOKUP(L95,'DGI TABLE'!$A$2:$A$91,'DGI TABLE'!$G$2:$G$91)/_xlfn.XLOOKUP(L95,'DGI TABLE'!$A$2:$A$91,'DGI TABLE'!$C$2:$C$91) -> 0.42030888 | N95: =(_xlfn.XLOOKUP(L95,'DGI TABLE'!$A$2:$A$91,'DGI TABLE'!$D$2:$D$91)-_xlfn.XLOOKUP(L95+H95,'DGI TABLE'!$A$2:$A$91,'DGI TABLE'!$D$2:$D$91))/_xlfn.XLOOKUP(L95,'DGI TABLE'!$A$2:$A$91,'DGI TABLE'!$C$2:$C$91) -> 13.842686 | O95: =M95/N95 -> 0.030363245 | P95: =_xlfn.XLOOKUP(L95+1,'DGI TABLE'!$A$2:$A$91,'DGI TABLE'!$G$2:$G$91)/_xlfn.XLOOKUP(L95+1,'DGI TABLE'!$A$2:$A$91,'DGI TABLE'!$C$2:$C$91) -> 0.43220414 | Q95: =(_xlfn.XLOOKUP(L95+1,'DGI TABLE'!$A$2:$A$91,'DGI TABLE'!$D$2:$D$91)-_xlfn.XLOOKUP(L95+H95,'DGI TABLE'!$A$2:$A$91,'DGI TABLE'!$D$2:$D$91))/_xlfn.XLOOKUP(L95+1,'DGI TABLE'!$A$2:$A$91,'DGI TABLE'!$C$2:$C$91) -> 13.473071 | R95: =_xlfn.XLOOKUP(L95,'DGI TABLE'!$A$2:$A$91,'DGI TABLE'!$F$2:$F$91)/_xlfn.XLOOKUP(L95,'DGI TABLE'!$A$2:$A$91,'DGI TABLE'!$C$2:$C$91) -> 0.0083269265 | S95: =P95/Q95 -> 0.032079111 | T95: =O95+0.03/N95 -> 0.032530455 | U95: =MIN(S95,T95) -> 0.032079111 | V95: =_xlfn.XLOOKUP(L95+K95,'DGI TABLE'!$A$2:$A$91,'DGI TABLE'!$G$2:$G$91)/_xlfn.XLOOKUP(L95+K95,'DGI TABLE'!$A$2:$A$91,'DGI TABLE'!$C$2:$C$91) -> 0.48115203 | W95: =(_xlfn.XLOOKUP(L95+K95,'DGI TABLE'!$A$2:$A$91,'DGI TABLE'!$D$2:$D$91)-_xlfn.XLOOKUP(L95+H95,'DGI TABLE'!$A$2:$A$91,'DGI TABLE'!$D$2:$D$91))/_xlfn.XLOOKUP(L95+K95,'DGI TABLE'!$A$2:$A$91,'DGI TABLE'!$C$2:$C$91) -> 11.914537 | X95: =G95*((((1+J95)^(K95-1))*V95)-(U95*W95)) -> 16210.842
A96: 95 | B96: AHMAD ZAFRAN BIN RAHMAN | C96: M | D96: 33 | E96: WPC | F96: N/A | G96: 150000 | H96: 5 | I96: CRB | J96: 0.05 | K96: 4 | L96: =IF(C96="F",D96-3,D96) -> 33 | M96: =_xlfn.XLOOKUP(L96,'DGI TABLE'!$A$2:$A$91,'DGI TABLE'!$G$2:$G$91)/_xlfn.XLOOKUP(L96,'DGI TABLE'!$A$2:$A$91,'DGI TABLE'!$C$2:$C$91) -> 0.2238496 | N96: =(_xlfn.XLOOKUP(L96,'DGI TABLE'!$A$2:$A$91,'DGI TABLE'!$D$2:$D$91)-_xlfn.XLOOKUP(L96+H96,'DGI TABLE'!$A$2:$A$91,'DGI TABLE'!$D$2:$D$91))/_xlfn.XLOOKUP(L96,'DGI TABLE'!$A$2:$A$91,'DGI TABLE'!$C$2:$C$91) -> 4.6127117 | O96: =M96/N96 -> 0.048528851 | P96: =_xlfn.XLOOKUP(L96+1,'DGI TABLE'!$A$2:$A$91,'DGI TABLE'!$G$2:$G$91)/_xlfn.XLOOKUP(L96+1,'DGI TABLE'!$A$2:$A$91,'DGI TABLE'!$C$2:$C$91) -> 0.23138163 | Q96: =(_xlfn.XLOOKUP(L96+1,'DGI TABLE'!$A$2:$A$91,'DGI TABLE'!$D$2:$D$91)-_xlfn.XLOOKUP(L96+H96,'DGI TABLE'!$A$2:$A$91,'DGI TABLE'!$D$2:$D$91))/_xlfn.XLOOKUP(L96+1,'DGI TABLE'!$A$2:$A$91,'DGI TABLE'!$C$2:$C$91) -> 3.7641839 | R96: =_xlfn.XLOOKUP(L96,'DGI TABLE'!$A$2:$A$91,'DGI TABLE'!$F$2:$F$91)/_xlfn.XLOOKUP(L96,'DGI TABLE'!$A$2:$A$91,'DGI TABLE'!$C$2:$C$91) -> 0.0017788465 | S96: =P96/Q96 -> 0.06146927 | T96: =O96+0.03/N96 -> 0.055032617 | U96: =MIN(S96,T96) -> 0.055032617 | V96: =_xlfn.XLOOKUP(L96+K96,'DGI TABLE'!$A$2:$A$91,'DGI TABLE'!$G$2:$G$91)/_xlfn.XLOOKUP(L96+K96,'DGI TABLE'!$A$2:$A$91,'DGI TABLE'!$C$2:$C$91) -> 0.25550998 | W96: =(_xlfn.XLOOKUP(L96+K96,'DGI TABLE'!$A$2:$A$91,'DGI TABLE'!$D$2:$D$91)-_xlfn.XLOOKUP(L96+H96,'DGI TABLE'!$A$2:$A$91,'DGI TABLE'!$D$2:$D$91))/_xlfn.XLOOKUP(L96+K96,'DGI TABLE'!$A$2:$A$91,'DGI TABLE'!$C$2:$C$91) -> 1 | X96: =G96*((((1+J96)^(K96-1))*V96)-(U96*W96)) -> 36112.819
A97: 96 | B97: MUHAMMAD RIDZUAN BIN MAHMOOD | C97: M | D97: 24 | E97: WPC | F97: N/A | G97: 150000 | H97: 25 | I97: CRB | J97: 0.05 | K97: 9 | L97: =IF(C97="F",D97-3,D97) -> 24 | M97: =_xlfn.XLOOKUP(L97,'DGI TABLE'!$A$2:$A$91,'DGI TABLE'!$G$2:$G$91)/_xlfn.XLOOKUP(L97,'DGI TABLE'!$A$2:$A$91,'DGI TABLE'!$C$2:$C$91) -> 0.16870302 | N97: =(_xlfn.XLOOKUP(L97,'DGI TABLE'!$A$2:$A$91,'DGI TABLE'!$D$2:$D$91)-_xlfn.XLOOKUP(L97+H97,'DGI TABLE'!$A$2:$A$91,'DGI TABLE'!$D$2:$D$91))/_xlfn.XLOOKUP(L97,'DGI TABLE'!$A$2:$A$91,'DGI TABLE'!$C$2:$C$91) -> 15.910856 | O97: =M97/N97 -> 0.010603014 | P97: =_xlfn.XLOOKUP(L97+1,'DGI TABLE'!$A$2:$A$91,'DGI TABLE'!$G$2:$G$91)/_xlfn.XLOOKUP(L97+1,'DGI TABLE'!$A$2:$A$91,'DGI TABLE'!$C$2:$C$91) -> 0.17370766 | Q97: =(_xlfn.XLOOKUP(L97+1,'DGI TABLE'!$A$2:$A$91,'DGI TABLE'!$D$2:$D$91)-_xlfn.XLOOKUP(L97+H97,'DGI TABLE'!$A$2:$A$91,'DGI TABLE'!$D$2:$D$91))/_xlfn.XLOOKUP(L97+1,'DGI TABLE'!$A$2:$A$91,'DGI TABLE'!$C$2:$C$91) -> 15.540079 | R97: =_xlfn.XLOOKUP(L97,'DGI TABLE'!$A$2:$A$91,'DGI TABLE'!$F$2:$F$91)/_xlfn.XLOOKUP(L97,'DGI TABLE'!$A$2:$A$91,'DGI TABLE'!$C$2:$C$91) -> 0.0020288472 | S97: =P97/Q97 -> 0.011178042 | T97: =O97+0.03/N97 -> 0.012488519 | U97: =MIN(S97,T97) -> 0.011178042 | V97: =_xlfn.XLOOKUP(L97+K97,'DGI TABLE'!$A$2:$A$91,'DGI TABLE'!$G$2:$G$91)/_xlfn.XLOOKUP(L97+K97,'DGI TABLE'!$A$2:$A$91,'DGI TABLE'!$C$2:$C$91) -> 0.2238496 | W97: =(_xlfn.XLOOKUP(L97+K97,'DGI TABLE'!$A$2:$A$91,'DGI TABLE'!$D$2:$D$91)-_xlfn.XLOOKUP(L97+H97,'DGI TABLE'!$A$2:$A$91,'DGI TABLE'!$D$2:$D$91))/_xlfn.XLOOKUP(L97+K97,'DGI TABLE'!$A$2:$A$91,'DGI TABLE'!$C$2:$C$91) -> 11.922991 | X97: =G97*((((1+J97)^(K97-1))*V97)-(U97*W97)) -> 29617.816
A98: 97 | B98: NUR ALYA BINTI NASIR | C98: F | D98: 29 | E98: WPC | F98: N/A | G98: 120000 | H98: 25 | I98: CRB | J98: 0.05 | K98: 8 | L98: =IF(C98="F",D98-3,D98) -> 26 | M98: =_xlfn.XLOOKUP(L98,'DGI TABLE'!$A$2:$A$91,'DGI TABLE'!$G$2:$G$91)/_xlfn.XLOOKUP(L98,'DGI TABLE'!$A$2:$A$91,'DGI TABLE'!$C$2:$C$91) -> 0.17898109 | N98: =(_xlfn.XLOOKUP(L98,'DGI TABLE'!$A$2:$A$91,'DGI TABLE'!$D$2:$D$91)-_xlfn.XLOOKUP(L98+H98,'DGI TABLE'!$A$2:$A$91,'DGI TABLE'!$D$2:$D$91))/_xlfn.XLOOKUP(L98,'DGI TABLE'!$A$2:$A$91,'DGI TABLE'!$C$2:$C$91) -> 15.897133 | O98: =M98/N98 -> 0.011258703 | P98: =_xlfn.XLOOKUP(L98+1,'DGI TABLE'!$A$2:$A$91,'DGI TABLE'!$G$2:$G$91)/_xlfn.XLOOKUP(L98+1,'DGI TABLE'!$A$2:$A$91,'DGI TABLE'!$C$2:$C$91) -> 0.18452569 | Q98: =(_xlfn.XLOOKUP(L98+1,'DGI TABLE'!$A$2:$A$91,'DGI TABLE'!$D$2:$D$91)-_xlfn.XLOOKUP(L98+H98,'DGI TABLE'!$A$2:$A$91,'DGI TABLE'!$D$2:$D$91))/_xlfn.XLOOKUP(L98+1,'DGI TABLE'!$A$2:$A$91,'DGI TABLE'!$C$2:$C$91) -> 15.523755 | R98: =_xlfn.XLOOKUP(L98,'DGI TABLE'!$A$2:$A$91,'DGI TABLE'!$F$2:$F$91)/_xlfn.XLOOKUP(L98,'DGI TABLE'!$A$2:$A$91,'DGI TABLE'!$C$2:$C$91) -> 0.0019038475 | S98: =P98/Q98 -> 0.011886666 | T98: =O98+0.03/N98 -> 0.013145835 | U98: =MIN(S98,T98) -> 0.011886666 | V98: =_xlfn.XLOOKUP(L98+K98,'DGI TABLE'!$A$2:$A$91,'DGI TABLE'!$G$2:$G$91)/_xlfn.XLOOKUP(L98+K98,'DGI TABLE'!$A$2:$A$91,'DGI TABLE'!$C$2:$C$91) -> 0.23138163 | W98: =(_xlfn.XLOOKUP(L98+K98,'DGI TABLE'!$A$2:$A$91,'DGI TABLE'!$D$2:$D$91)-_xlfn.XLOOKUP(L98+H98,'DGI TABLE'!$A$2:$A$91,'DGI TABLE'!$D$2:$D$91))/_xlfn.XLOOKUP(L98+K98,'DGI TABLE'!$A$2:$A$91,'DGI TABLE'!$C$2:$C$91) -> 12.415105 | X98: =G98*((((1+J98)^(K98-1))*V98)-(U98*W98)) -> 21360.359
A99: 98 | B99: NUR AMANINA BINTI JAMAL | C99: F | D99: 51 | E99: WPC | F99: N/A | G99: 80000 | H99: 25 | I99: CRB | J99: 0.05 | K99: 4 | L99: =IF(C99="F",D99-3,D99) -> 48 | M99: =_xlfn.XLOOKUP(L99,'DGI TABLE'!$A$2:$A$91,'DGI TABLE'!$G$2:$G$91)/_xlfn.XLOOKUP(L99,'DGI TABLE'!$A$2:$A$91,'DGI TABLE'!$C$2:$C$91) -> 0.36315825 | N99: =(_xlfn.XLOOKUP(L99,'DGI TABLE'!$A$2:$A$91,'DGI TABLE'!$D$2:$D$91)-_xlfn.XLOOKUP(L99+H99,'DGI TABLE'!$A$2:$A$91,'DGI TABLE'!$D$2:$D$91))/_xlfn.XLOOKUP(L99,'DGI TABLE'!$A$2:$A$91,'DGI TABLE'!$C$2:$C$91) -> 14.591869 | O99: =M99/N99 -> 0.024887713 | P99: =_xlfn.XLOOKUP(L99+1,'DGI TABLE'!$A$2:$A$91,'DGI TABLE'!$G$2:$G$91)/_xlfn.XLOOKUP(L99+1,'DGI TABLE'!$A$2:$A$91,'DGI TABLE'!$C$2:$C$91) -> 0.37423033 | Q99: =(_xlfn.XLOOKUP(L99+1,'DGI TABLE'!$A$2:$A$91,'DGI TABLE'!$D$2:$D$91)-_xlfn.XLOOKUP(L99+H99,'DGI TABLE'!$A$2:$A$91,'DGI TABLE'!$D$2:$D$91))/_xlfn.XLOOKUP(L99+1,'DGI TABLE'!$A$2:$A$91,'DGI TABLE'!$C$2:$C$91) -> 14.214005 | R99: =_xlfn.XLOOKUP(L99,'DGI TABLE'!$A$2:$A$91,'DGI TABLE'!$F$2:$F$91)/_xlfn.XLOOKUP(L99,'DGI TABLE'!$A$2:$A$91,'DGI TABLE'!$C$2:$C$91) -> 0.0053076929 | S99: =P99/Q99 -> 0.026328282 | T99: =O99+0.03/N99 -> 0.026943653 | U99: =MIN(S99,T99) -> 0.026328282 | V99: =_xlfn.XLOOKUP(L99+K99,'DGI TABLE'!$A$2:$A$91,'DGI TABLE'!$G$2:$G$91)/_xlfn.XLOOKUP(L99+K99,'DGI TABLE'!$A$2:$A$91,'DGI TABLE'!$C$2:$C$91) -> 0.40854656 | W99: =(_xlfn.XLOOKUP(L99+K99,'DGI TABLE'!$A$2:$A$91,'DGI TABLE'!$D$2:$D$91)-_xlfn.XLOOKUP(L99+H99,'DGI TABLE'!$A$2:$A$91,'DGI TABLE'!$D$2:$D$91))/_xlfn.XLOOKUP(L99+K99,'DGI TABLE'!$A$2:$A$91,'DGI TABLE'!$C$2:$C$91) -> 13.018563 | X99: =G99*((((1+J99)^(K99-1))*V99)-(U99*W99)) -> 10414.986
